id,label
64218529,1
89488992,3
17308203,0
88108450,5
40935752,0
36616682,1
75471673,0
26324136,0
46477348,0
76960905,1
80814358,1
94938283,0
53460260,1
53413194,2
27345954,0
37086048,0
56771813,0
58620657,0
64289335,0
18911911,0
14525252,1
29324592,4
13092856,0
68914913,2
42102071,2
47794617,0
14427561,1
57820671,0
61458475,1
19301165,0
71725962,0
40948636,0
77434769,0
23744633,0
97708720,2
31634266,0
54176600,0
67332156,5
40451500,0
20811042,0
82396876,2
76094290,0
33877581,0
63838069,3
80588793,3
83573075,1
43043494,0
51197014,1
13464907,0
81886922,0
69115336,0
45467173,1
55329722,0
26814061,2
64714873,0
39387863,1
36958384,0
25802569,0
86067979,3
68034452,0
24387506,4
35521683,0
14288257,1
70352402,0
32442975,0
22742635,0
84483233,0
92908446,0
43052712,1
34486293,0
83336269,1
60166781,0
66510833,0
75483449,1
45192134,0
75367499,4
36708427,0
87500710,1
78470793,1
27562297,1
24582107,1
83993685,1
52412829,1
61429394,1
28124277,0
43253552,0
77054478,0
76184846,0
77287397,0
21013511,1
90578917,0
49994866,2
56938611,0
68449443,0
14596189,1
67037763,2
96436859,0
37682058,0
32138023,1
12076147,0
94957484,0
63135427,0
90517808,0
89934537,1
76124481,0
50454510,0
29270209,0
36336150,1
48994338,1
96263278,0
87460788,1
72686411,1
34378840,0
34818597,0
48276588,0
58423121,1
66507024,0
85590915,0
94597201,0
38670506,0
77030402,1
93985815,0
58926485,0
58398695,0
90930475,0
34600993,0
50947067,0
17936247,1
44146251,0
94909897,0
11119337,2
52182424,1
79768414,0
30410289,0
86628943,1
96958526,2
86437210,1
25616969,2
21151022,0
13868518,0
19337247,0
47928185,0
25951599,0
61814959,4
97559388,1
14425030,1
73148565,0
69654511,0
69356902,0
62000193,0
91295963,1
12221923,0
15639017,1
71753757,1
98986386,1
26745221,4
50981807,1
81125778,2
67863483,0
32773254,0
31687179,0
61857554,0
61050910,2
89469787,1
57605689,1
11593770,0
21817647,0
63569405,2
51399972,2
46811704,2
69708137,0
69834546,4
62693491,2
83956914,0
26173586,3
96098037,0
10870219,2
62067503,0
69439831,0
64932567,0
72444081,0
96989191,0
85226087,0
38470435,1
38481995,0
22271506,1
64854103,0
20075775,1
53896230,1
15591240,0
71397624,0
30473036,0
59810776,0
77261245,1
31651000,0
98298830,0
90470902,0
74920649,0
64992013,1
73960292,0
86928866,3
59175151,2
69522211,0
84747084,0
44408260,1
44153892,1
32937080,0
14971248,4
67299757,0
25302614,0
62907721,2
43934444,0
85885745,0
79320727,0
91709141,0
67563301,0
14367460,2
92273640,0
68537316,1
86330858,1
44782992,0
10779131,1
29568560,2
88995334,4
53301038,5
44645941,3
89038519,0
81507754,1
15949429,0
67486325,0
24185527,0
81786676,0
70589947,0
45979049,0
89995062,0
61985543,3
14351246,0
84157684,1
27274303,1
92808436,0
66970672,0
31366850,2
56573094,0
21750348,2
78808100,0
12159396,3
34835176,0
88137272,0
97733442,0
41721055,0
91561581,2
28022203,1
42202958,0
32925560,2
14073435,0
84348470,0
21307227,0
85986129,0
14394261,0
19977466,0
38444280,2
66562504,0
67853036,1
47700343,0
15819969,1
87637596,1
92629339,1
22889279,3
86541626,0
92871217,0
72389407,0
42479989,0
76084818,1
92591619,0
15745983,2
77514516,1
73143203,3
68444007,0
62999946,3
85325843,1
17606977,0
51211238,0
89197963,3
40759546,0
31989382,1
76956469,1
61943195,2
87038800,0
64120383,3
42817579,0
68918089,0
17300302,0
19777337,3
70252151,1
67949185,0
36975249,0
13920256,0
29144705,1
59740757,0
87208267,0
80462965,2
18418568,0
74668891,0
19487115,2
12595492,0
14165537,0
56355931,0
43437333,0
16744930,0
70527527,1
16602047,1
23464401,0
96429552,0
19500874,0
43582836,0
58870847,1
43278175,0
97501962,1
80893087,0
91193436,0
31116833,1
56084491,0
23254351,2
38030897,0
64162205,1
64218217,0
92657853,0
28118127,0
45068973,1
98165116,1
89181705,1
55033809,0
49586415,1
39117738,0
11968096,0
23491350,1
37184670,0
36656074,0
59381560,0
82413010,0
16186307,0
96638624,2
38472185,0
18221392,0
60767139,1
34163317,0
25051252,0
43029674,2
88401381,0
53424109,0
19168834,0
64082282,0
91697034,0
82663905,0
26272848,1
78119681,0
34995363,0
19451612,0
61997656,1
24810830,0
17966004,3
59686595,0
41988188,0
35633627,1
51423546,0
15700481,0
63142483,0
23774024,0
21806719,0
65745276,0
25669574,1
33915893,0
67038283,0
50060516,0
29908545,0
72331395,1
81060328,2
67168006,2
47623186,0
96489043,0
78913882,2
86533686,1
21809557,0
12214327,2
26021965,1
47233985,0
98129993,2
38137652,0
85880787,0
35268204,0
64125645,0
18488335,0
63528061,2
49259651,0
66215891,0
36245652,0
18182305,1
36388233,1
64829631,0
65708993,0
92837979,0
92359116,0
65971926,2
37570720,0
85413296,1
74504024,0
53402392,1
10569640,4
62275218,2
48130640,0
62732356,0
84722409,0
48697568,0
91786494,0
39983238,1
32562340,1
45853352,0
58453040,4
42507649,0
26681001,0
29777435,1
98891474,2
63050416,0
14577046,1
53758135,1
92090541,0
95662869,0
42555873,0
90302091,0
98826464,2
33582960,0
23630193,0
83036555,0
38325124,1
19571227,0
12200046,3
55402092,0
62862004,0
53499634,2
46479506,0
41782870,2
32472013,0
91091133,0
39421526,4
77933441,1
93876027,0
77256215,1
65236766,0
84921421,3
96181117,1
95840339,0
13766655,1
51606030,4
52201232,0
56683957,0
96795133,0
81180584,0
19952123,0
86960688,4
74920778,0
45866288,0
27404567,1
32209702,0
78672453,4
78227066,4
25002734,0
77323524,0
97643074,0
28241609,3
55619313,0
22233531,0
90376643,1
71333600,0
84653463,0
42519047,0
56307122,0
91347821,1
85767741,0
42646001,0
25960420,3
80590132,1
37505799,0
58805403,0
28214827,2
99287665,0
87735559,0
15816579,1
63955375,4
95375041,0
82052071,0
80781176,0
22370652,0
87348748,0
14526981,1
32104480,0
14599360,0
34611512,0
80371016,1
99299818,0
76104940,0
97430933,2
44954499,0
66239662,1
19931637,0
79224429,0
63132022,0
68250286,1
89198846,0
51692329,0
65721445,2
30403833,1
73617291,0
34492247,0
68387447,1
24242355,0
16443376,0
33549893,0
10440338,0
67023048,0
55296035,0
48821556,0
33277155,0
75442615,3
23521602,0
27040874,1
26525780,3
62854951,0
62037362,1
26837666,1
56821175,0
80089563,0
96725663,0
35722353,2
85724385,0
93426909,0
79676504,1
85201490,0
77151387,0
32805018,1
94004815,3
70866986,0
46703994,1
20536471,0
60901394,1
30962055,0
75453589,1
50371422,0
74108227,3
61946140,0
75570182,0
59399789,1
65533106,2
48787886,1
15596549,0
53511817,0
62227353,0
91839005,0
43204842,0
73815424,0
31389624,3
20161991,1
50932041,2
24472929,3
94276467,1
84337790,1
23208534,3
33237110,4
95688862,0
27557618,0
68189692,0
91225677,0
87504087,0
22914607,0
94611641,0
19331624,2
42353226,1
72272491,1
64769104,3
45141635,2
99840135,0
89785703,0
71504649,3
33931310,1
40425737,0
29241852,0
31995112,0
69960722,0
16313116,1
13409660,0
32253547,2
94235999,0
81871819,0
87378457,0
79685782,0
59534202,0
17545105,2
25565000,0
92550118,2
96464946,0
41805237,0
91921512,0
60282397,0
91253377,2
50800729,0
86322156,0
30671402,1
81900865,0
51112601,0
20745729,0
89918438,1
73505290,0
46051068,0
46382917,1
54997442,0
67857973,4
43412120,1
41228684,0
54698314,2
47420877,0
41469172,1
51902516,1
30054503,0
85326266,0
41905080,0
39049442,0
43585896,0
24557028,4
51606252,0
41852172,0
83558643,3
43758312,0
77426457,1
89295301,0
95094834,0
84945862,1
17361734,0
65850774,1
76334331,0
92931330,0
54599095,0
59404529,0
68143412,0
89865981,0
61140862,0
69188864,0
60194357,5
22681515,0
52328979,1
46197768,1
52237260,0
53732125,0
34376561,2
81764132,0
24759362,0
78081341,0
64025788,3
85807214,0
45592542,0
57780359,1
79310877,0
41860076,1
63203963,0
19586588,1
25810885,1
94109052,0
52378561,2
83216978,0
96601344,0
22800769,0
44204868,3
28399461,1
69375005,2
14985897,0
24207111,0
74988567,1
97370081,0
88604995,1
16825435,1
44251286,0
50741900,0
41491036,5
37046240,0
69068186,4
57592433,0
95502238,0
83522311,0
22605406,2
14278179,0
45238990,0
43429400,0
94649617,0
84673120,0
12981568,4
46107899,0
89966302,0
97833832,0
61616242,1
38684654,0
53070604,0
69077747,0
88451592,0
64688950,0
82136092,0
62465621,0
12853298,0
16699045,4
10267253,0
50811180,1
49604556,2
48085168,0
11536304,0
58793012,0
38180883,0
60704109,1
73139212,0
64240369,1
48005689,3
93266830,0
80399328,3
52856705,0
35614651,0
18345022,2
25693099,0
23032324,0
41479260,0
36026069,1
91915426,0
90511378,0
88608415,1
14690576,0
63051858,0
61992741,0
16507417,1
95076685,1
38516843,0
34425880,0
39354730,0
37650375,0
66402402,0
50641027,0
64442818,0
37931984,0
69202651,1
12851354,0
96529825,3
34379424,0
73852476,0
91269667,1
51814074,0
23560653,0
14244016,5
81754391,0
29913530,0
47683452,0
32225009,4
14008279,0
79230527,3
82836145,0
19360563,0
21069966,0
73237136,1
68615880,0
46190654,1
97355088,1
99195055,1
68092388,1
69899317,0
90699511,0
16802217,0
66338898,0
63161144,0
98233061,0
12731030,0
18309256,0
78858437,1
93049649,0
32031979,0
13213955,0
71559324,0
50100208,3
12050813,0
44217601,1
63211292,0
30784885,1
48615662,0
61572496,0
47541182,0
70066613,0
52533566,0
47435696,4
30726069,1
33083605,2
99035493,0
72448806,0
48683920,0
50611608,1
31065763,0
64533486,2
49715508,0
97068180,1
81564986,0
36799240,0
95104245,0
13187355,0
60008486,0
28159873,3
74742468,0
28073517,0
71799725,0
54805362,3
71859540,1
43372670,1
88717220,0
58000915,0
34767259,0
93588884,4
77634186,0
79137572,0
87028155,4
70726749,0
36651986,0
31939020,0
87714427,0
93310112,0
71542997,2
59168404,1
17568561,0
47610029,1
47991274,1
31450088,0
81676034,0
19596918,2
76735268,0
86271106,0
12701437,0
79746950,0
36744992,1
74129371,0
35282488,0
34893266,0
16110561,0
30188600,0
41947456,4
98807596,3
20425061,2
87062009,0
31550455,1
63988566,0
13359706,0
29614904,0
27087607,0
90660751,1
24950246,0
21128059,0
26402195,0
68957414,1
78673382,1
36749445,0
41213180,0
72018939,0
13448752,0
34687918,0
57542405,0
94619513,0
82067317,0
83795527,0
25477668,1
98428223,1
91418891,1
65303672,2
40208820,0
49437126,0
76913636,1
28231603,0
61244244,0
73124384,2
14627303,1
89789831,3
36077072,0
94899582,0
42210902,0
16463742,0
12460655,0
41913045,0
19913456,1
77189917,0
22385341,0
43652360,0
41184064,0
12594358,2
58864780,0
43592793,0
22962766,0
87298481,0
12913318,0
21898316,0
89822154,0
19482421,0
35499769,0
47704038,0
99048036,2
58418159,0
82920921,0
66778427,0
97660796,0
89571432,0
54665223,0
53288522,2
71452325,1
46166939,0
91956364,0
74347792,1
30202504,0
45641793,0
16852586,1
59617406,3
11753605,1
62812404,0
38462347,0
90861790,2
58073599,4
46713368,0
93023831,0
22212849,0
25015109,0
75187432,0
87917982,0
95608575,0
18649832,0
83890833,1
76989362,1
65704895,0
74576236,0
26400377,0
70635185,4
29119490,2
80006985,0
98707993,4
53783396,1
98585584,3
28283819,0
66978536,0
96483249,0
22328244,0
35150676,0
63291014,2
62247291,1
69944424,0
18398187,0
46708927,0
36561016,0
59452582,0
28822700,1
36668276,0
98676044,0
58353940,1
43248392,0
11179245,1
70662119,1
24874206,0
37196701,0
23618948,1
39846670,0
63921912,0
19478274,0
14110586,0
51608826,3
96550882,0
79304791,0
61508774,1
66734724,1
68692363,0
59240731,0
42549378,0
29123310,0
25473636,1
22664401,0
48223049,0
15650731,0
64940008,0
21596298,2
72713438,0
82091836,1
60752001,1
62106470,0
55869312,0
96364326,0
22020516,0
61591631,0
54857999,0
35828817,1
95983654,0
54180419,1
70258885,1
96863809,3
99524970,0
30407921,1
15580982,0
45795101,5
76453906,2
27812274,0
45833485,0
24775370,0
96378880,0
46755559,0
80183775,2
56347126,4
86014071,0
23811755,0
86310036,1
77851043,0
31194196,0
63865340,1
26054940,1
40440577,1
73412626,4
35866408,0
74515758,2
70613225,1
85362317,0
99865733,0
97592251,2
48745916,0
49515932,0
48811021,0
19346066,0
88350374,0
13514545,0
44991780,0
71800391,1
70515116,0
41404659,0
76709724,0
14972902,0
65122842,0
37423273,0
20092759,0
62564488,1
15231431,0
56681550,2
68191992,0
38013954,0
58448913,0
86626416,0
91484804,1
62493424,0
36523313,3
42123730,0
79556791,0
57880946,1
59420635,0
16556429,1
36442488,0
82390411,2
56774322,0
76948189,1
45502023,1
98233887,2
23910535,0
99636262,3
57793813,0
55163553,0
46710720,0
40100283,0
62023335,0
24385516,0
22732608,0
25114365,1
82971344,0
66661205,2
61171853,1
31840742,0
23218220,2
45848730,0
46889951,0
53241119,1
90453318,0
24974785,0
73746249,0
97026756,0
75374350,1
29674048,0
66872528,1
52960897,0
74269303,0
64138554,1
32600259,1
58401595,0
64796020,1
52810154,0
83258384,0
26656409,0
21425553,1
76561927,0
49444637,0
36205134,0
36156817,1
32231757,0
74828195,0
93839209,0
43493655,0
18272904,0
84387857,0
94179209,0
64567010,0
99497667,1
94662112,0
20948075,0
93435358,0
61701877,1
90347315,1
93723655,0
12905815,0
79648053,0
45446184,4
52758736,0
21919640,0
67029915,3
14846110,1
83032005,0
89193433,1
78852189,4
81303226,0
11823491,0
42456650,1
86628329,0
77637118,1
41113831,0
33467646,3
73351799,0
55047504,3
54946253,0
77038022,3
84000871,0
19254099,0
33783252,0
62705032,0
97552447,4
89802334,2
56655419,0
52872823,4
25217875,0
23214847,0
23704038,1
69029758,0
61166452,0
70570240,0
60273710,0
96901581,0
77743981,0
53063265,1
40120708,0
53336924,0
55627091,0
42259459,0
95443914,0
36973297,3
52584672,0
46617948,0
65021226,2
59313827,0
96894553,0
12371277,1
84553042,1
95811117,0
71189889,0
25296892,0
16767697,0
24789365,0
52380375,0
67235966,0
96980553,0
70319615,1
48411761,0
61000111,0
72178216,0
68727008,0
75635969,0
89286114,0
19156093,0
38167262,1
24604571,0
99212392,0
12454458,1
57199008,0
31776363,0
38916146,2
72637244,0
84639803,0
85681850,5
57877836,1
28476174,0
76162875,0
50624111,0
89607693,1
95198323,2
98256112,2
67455964,0
64825320,1
71378868,4
79415547,0
84542718,0
10865076,0
44146307,0
79904402,0
49444289,1
93760718,1
28485581,0
52728433,0
19355434,0
11555841,1
30103149,3
27182962,0
22292861,1
64529249,0
33485036,0
88334740,1
35486444,0
41672491,0
10950787,1
99207102,1
26783171,0
37367958,1
89217908,2
44287198,0
87692186,0
31151532,1
15538869,0
95577425,1
71572058,0
20668330,0
97448919,0
27782706,1
33901428,1
33464226,0
68073734,2
27242675,0
75894627,0
29353373,0
92363402,0
80001720,3
25020326,1
33981829,0
22939767,0
96034781,0
24097631,0
71609990,0
25381509,1
38373583,0
63918443,1
16307937,0
55421222,0
88340088,0
84093472,0
64031399,0
61191560,0
41027155,0
56965473,2
64788726,1
61267711,0
30342134,2
12604181,0
71996023,0
19036659,0
34535688,0
41370327,0
31988101,0
57834740,0
47071644,1
89041534,1
47546899,1
18057143,0
69515949,0
24946835,3
46694920,1
47376565,0
37983859,0
78145195,1
33019559,0
47260250,3
51511621,4
44786294,0
45580798,0
89617045,0
68217152,0
95186411,2
10115610,0
13187634,0
47533457,0
25296880,1
77327796,5
10248529,0
48593859,0
45172470,0
61769742,0
86677245,0
31612178,0
78211726,0
14464792,1
56725390,0
53023736,0
25601169,0
61757579,1
71631402,1
91285601,0
61589331,2
94084149,1
79219474,1
38545571,2
76152982,0
66296370,0
33699109,0
99403982,0
17533901,0
20603925,0
25181160,0
74221945,0
15264676,1
44133428,0
27896922,0
27783399,0
49234165,2
76667782,1
31441533,0
96401979,1
89320795,2
52938338,0
74699863,0
98915665,0
18283223,0
97494451,0
38635228,0
23497544,0
12749174,0
48446376,1
24600852,0
78684145,1
52940796,0
16292612,4
54736556,4
44749464,3
62106934,1
48188948,0
15413759,0
80945366,0
95258071,0
41905544,0
62186120,0
93711508,2
46676921,0
95322048,2
99054199,0
51003056,0
11765760,1
96023642,1
32087100,0
95381103,0
78956794,4
33863155,0
30221945,0
86911953,0
28085333,0
99497691,0
13647017,0
66811345,0
56191963,0
52792682,0
81295755,0
57846693,1
52051895,1
79978886,4
38954242,1
72460859,0
20048966,0
46606036,3
79515822,0
79438589,0
52795740,5
34377777,2
90849573,0
93489266,1
66910537,1
25652734,3
95637509,1
34720716,0
59255804,0
56089629,0
55384857,0
95158739,2
28915761,1
70532443,0
19060873,0
49938777,0
58549571,0
60607074,0
25742572,0
44821723,3
80263213,0
20373482,2
34688290,0
82893104,0
31809128,0
13713847,1
21777731,0
41384280,0
53776018,0
39973603,0
28065908,0
40067378,0
98030694,4
58403777,1
20646005,0
84354892,2
71423203,0
61740325,0
70128975,0
19094431,1
68377997,1
16499377,1
32894216,1
72969303,4
16435700,0
49081735,0
88638636,3
23606892,0
69817927,3
52183590,0
44485241,2
91706448,0
68234086,2
21775819,0
53303279,0
45395430,0
80733017,3
54082415,0
26376089,1
60455023,0
68793004,0
15604306,0
53603153,0
37650664,1
52463109,0
45381205,3
68025945,1
55709763,1
66254553,0
53247002,1
40050199,4
26732934,3
60714146,0
83604427,0
64452888,0
63045253,5
29910210,0
48392477,0
15684420,0
81648663,0
94934888,0
36920203,1
28323466,0
25719985,1
14552983,0
62383334,0
65391687,2
32748986,1
95712960,0
44107371,0
53065756,0
20982983,0
51652450,0
77179499,3
90241209,0
57442696,0
67642825,0
63630055,0
75653379,0
34051928,0
80221851,0
83348352,0
49464226,1
55845044,2
83453447,0
41039297,2
36708746,1
24583038,0
40234648,0
40028624,2
61248443,0
77508112,1
98368918,2
12976665,0
16129341,3
92678264,0
30986007,0
64482541,0
53367534,0
77158885,1
79599673,0
31037294,3
47806167,1
26747888,0
11734537,2
89909257,0
95123383,0
65340287,0
59477405,0
96241509,0
26163328,3
27330634,1
63489246,0
66826279,0
29170638,3
80901416,0
41751478,1
54289724,2
97983746,0
90445959,0
69564802,0
11421788,0
99326966,1
90380625,1
12820896,0
42146058,4
37013548,0
42705018,1
77500574,0
12952453,4
47522891,0
77517611,1
47796669,0
52809764,1
38058411,0
89131766,3
58447822,1
65934389,0
79636959,0
43803579,0
55132139,0
88438800,2
57453912,1
48320874,0
87822832,2
21674670,0
43293806,1
87927786,1
17632761,4
82433479,0
16803808,0
46796205,1
93521515,0
92046195,0
60732023,1
90745609,1
65010243,0
20847113,0
62659113,0
62435471,1
34280964,1
48990349,0
53154955,5
48404516,0
89529445,1
17120801,0
82895584,4
73086463,0
51140355,0
16138676,0
27560917,0
24554429,0
28016092,0
59456001,1
71353513,0
22123768,0
95860074,0
89075154,1
84373608,0
53399416,0
92915040,1
78454558,0
24252060,0
32796638,4
85471265,0
48859392,0
65944956,1
56601223,0
60785611,0
86801226,1
37467654,0
48153109,0
97851606,0
18280322,1
29843206,0
63533709,0
47586201,1
40411470,0
47049300,0
70663901,1
19142001,0
22057555,0
70369488,3
36592715,2
11558070,0
84296884,2
75693113,1
70257218,0
72776939,0
32524588,0
17428016,0
78723318,0
70831323,0
57284967,0
92068713,2
91763418,1
49312123,0
93281330,0
21380089,1
16900407,0
50980253,0
13142257,0
18727693,0
88891997,0
97999051,0
48329153,1
70379398,0
28377863,0
97054117,1
54609231,0
50546553,0
24349254,2
47144269,0
80424229,0
82678568,1
80232183,1
22520577,1
70562270,0
73585137,0
89628752,1
66610412,1
99699067,0
96619657,2
97318830,1
15445425,1
45369938,1
37969120,0
38407898,1
27559829,0
90547620,0
18249340,0
60569398,0
32879479,0
64383443,2
38072949,0
91307000,0
92081827,0
13242864,0
60876550,0
82826017,1
33012397,0
81072390,0
88085381,0
11887669,0
74131332,0
74548423,1
54660313,0
94321048,0
77235379,3
45633984,0
22506423,0
45459945,0
40219256,0
90965599,3
59997184,0
87012349,0
46700981,0
85227206,1
57270376,1
19627516,0
71180676,0
18050299,0
96005987,0
25187176,0
86407871,4
31407475,3
56133688,3
26508234,0
28770205,0
72789521,1
64935080,0
44925514,2
78698459,1
94528075,0
87259790,0
19318932,0
63097501,0
86091665,1
53502272,1
86402850,0
71930862,1
92082718,2
45319477,0
58345535,0
62075832,2
97398664,0
93009787,3
52817220,0
18742734,4
60452844,0
52048778,0
33934344,1
56584376,1
81868999,0
68367851,0
62810807,0
16913750,2
92004380,1
47220642,2
43724393,1
30701596,1
82333852,0
74863262,2
73656139,1
40838336,0
91287810,0
13205461,0
47986480,0
35473305,0
49804879,0
34950267,0
33791987,0
40758300,0
20979340,0
49350109,0
29793273,0
13060073,1
58798809,3
23397028,0
71113341,0
39157970,0
49279139,0
37146118,0
12594478,4
62507287,1
30171688,0
24386505,3
44153878,1
57720672,5
77418452,3
22994589,1
28284120,3
22216211,0
94152546,0
57500945,1
15223978,2
78593028,1
54540151,1
91306748,1
11017453,0
27239685,0
49395730,0
89510398,0
55035751,0
16688770,1
66901132,1
90225668,1
49291173,0
70064345,0
53852308,0
76730217,1
56476387,0
23764456,1
97200454,1
44443882,0
16074341,0
91851026,1
50261949,0
72593725,0
66998347,0
10672759,0
82689270,3
71323834,1
87830998,2
12211738,2
61202478,0
46727505,0
34070707,0
30282397,0
82566616,1
42767997,2
86187301,5
79183879,0
65857284,0
48004285,0
80809342,2
84297676,0
78030352,0
74127430,0
93258168,0
73674835,0
29564197,1
18262244,0
99763859,2
16270174,0
91534674,1
85827034,0
34172663,1
59895809,0
10417712,0
73097951,0
35756722,0
55621807,1
76216485,0
44647440,1
95618725,0
89829259,0
75829951,1
38215901,2
50757474,1
28215222,0
47903461,0
81131370,0
24678868,0
41735250,0
73086139,0
99012792,0
17268672,0
37243150,0
15883899,4
22401248,0
65244711,0
35123870,2
50093595,0
46769313,0
78950605,0
25789268,1
35436293,0
80866835,0
35858643,0
12604306,2
36734606,0
51735094,2
39839634,0
77590278,1
38333896,1
55569501,0
33054310,0
52454269,0
56555111,1
64447754,1
79071847,0
15353696,2
22313773,1
20642872,1
84566008,1
69624213,0
63226219,0
77317840,0
76305799,0
38765100,0
78474559,1
87987175,0
95316875,0
75710133,0
22546454,0
37470730,0
45916686,2
39226888,1
31425582,1
12563815,1
18605504,0
96072972,0
48136743,0
16420079,0
75975775,2
57022563,0
47189763,4
60268811,0
76421150,1
12905988,4
34584325,2
75942407,2
59409623,0
27374616,1
77107848,0
83716223,0
32095407,0
28137936,1
68721666,0
60258741,2
30945325,0
60703549,5
99237809,0
90527615,1
91547397,0
80457335,2
19335089,2
21749138,0
73145005,0
95992959,0
68839662,0
34481785,0
56957362,0
10876018,2
14530437,0
47542054,0
88266176,0
32807481,3
39742019,0
72198309,0
50185468,0
45220442,1
60701754,1
50893166,1
24788299,0
55318305,0
74401501,1
74194472,0
86791238,1
24350423,0
40035029,0
24115978,4
23982982,0
53468044,0
77283461,1
44110379,0
63400209,1
87310673,0
86652200,0
94119434,2
16925277,0
62276739,0
17026242,4
21395389,0
68826287,2
38123170,0
77829016,1
56294937,0
95050758,1
60119843,0
39644898,1
50738819,1
16072163,0
39922419,0
71724631,0
39723076,1
89762454,0
61137649,0
30830989,0
18106733,0
96329316,0
45058374,0
52684417,0
37616621,0
87981125,1
84461340,1
54607618,0
95978990,1
32629644,2
20765989,0
38324106,0
15386222,0
15211076,1
59341927,5
78064836,0
82706602,0
47930251,0
50592465,0
90025752,1
39807299,1
83369396,0
11357977,0
72245593,0
70048636,1
11395011,0
54081795,0
36960334,0
58684403,0
79862896,0
58700215,2
15551456,0
69831224,0
36049656,4
41200962,0
55749534,0
81062558,0
11371728,2
39840908,0
97756618,1
92763576,1
28695637,4
78343078,0
54196240,0
57313127,0
67017288,0
35072934,0
96001081,0
51128245,0
56781290,0
54232099,0
25746990,1
76179503,0
80723531,0
93812620,0
35349228,0
50210657,0
52338060,2
76937882,0
42749177,0
15080577,0
60623007,0
34931625,0
20712685,1
59586939,5
72174109,0
31222728,0
55618558,0
78448175,1
36188130,0
57659099,1
40460517,1
73512944,0
66192962,0
68584955,3
35968654,3
30130814,0
82765055,2
29298736,0
40935676,0
26416043,1
30742743,0
44771793,1
84283274,0
32865258,0
86771317,0
44260447,4
40969646,0
81786074,0
16874824,0
96015525,1
41877235,0
68724644,2
47119052,0
70523654,0
12362995,2
32001130,0
50395789,0
94834803,0
25519406,0
58637624,3
84205401,0
72494174,0
38629270,4
67790724,1
31209966,0
22268351,0
72851823,0
11607307,2
85178504,0
71591031,0
27527539,0
73276211,0
34246655,3
75058547,1
68367538,2
43220665,1
34077427,0
16650258,0
60499641,0
21811261,0
54779471,0
76826595,1
56237793,0
76586536,1
28139621,1
72433502,0
17668640,0
19179914,0
63004514,2
49339984,0
67676505,2
32461046,1
92243072,0
82307111,0
12282647,4
20638549,0
32521320,0
82648017,2
60003583,0
62780765,2
79766835,2
31182912,2
78295437,1
73661491,0
37117059,0
98806459,0
56766118,0
93668172,0
53889263,2
86913878,0
79218435,2
54272708,2
37012608,1
91406726,0
33163535,1
80706928,0
74331572,0
91955984,3
82086125,2
21913821,2
60239574,0
90548333,1
22666930,0
66612367,1
15500138,0
74293217,1
58271656,2
94381338,0
61524026,0
82081263,0
22538359,0
62790295,1
87589355,0
33280508,0
96483074,1
66316292,0
41445715,0
50872767,1
27344280,0
16740751,4
13882650,0
92772151,2
37417252,1
23824395,1
18995817,0
20279938,0
33400299,0
93331849,1
62055159,2
55427378,0
47507000,0
36786090,0
60932215,0
88534876,0
81570957,2
26963329,1
33328356,0
69409414,0
29872666,0
59685759,0
88278354,0
39463509,1
32735377,0
41254952,1
15085207,4
71655648,0
60181857,1
35677215,0
80133636,0
16557021,0
53029758,1
41204729,0
71686125,2
52544702,0
77966297,1
15189608,0
71366455,0
30572967,0
24498426,0
40524513,1
68266309,5
27586577,1
48566296,0
47924580,0
78736468,2
78455079,3
50013447,2
60321750,0
95884273,0
22759502,1
99948464,1
10382646,1
25373221,0
68415347,0
12582813,4
80282972,2
41795872,0
44580453,2
40774887,1
60616692,0
44361907,0
29133237,0
80670324,0
72249849,1
57090801,0
88908630,0
84642132,2
97186820,1
92524530,0
72197632,2
77452711,0
64760118,0
62690468,4
30421453,0
43688095,0
20862920,1
88885135,0
42711078,0
23430550,0
78799485,0
90555532,0
87479140,0
93872173,0
50922780,1
88085441,1
83386222,0
69333460,0
21981081,0
98715660,0
97748007,0
58081111,0
35660419,0
19660347,0
42165754,0
90155493,0
43722152,3
36076099,0
56916308,1
89350714,0
41120832,0
57028257,0
21398834,0
77943498,1
17674765,0
40338707,1
74016606,2
74059052,3
84144345,0
78564983,0
19106419,0
87273634,3
27020845,0
26775070,1
13490006,0
83863504,1
49823053,1
46822560,0
59987442,1
13850205,2
10672944,0
12990336,1
81831230,0
93522799,1
68543060,0
78467098,0
51438536,0
29714406,1
84092679,0
42607760,1
72024227,4
72152456,3
63423362,0
45741838,0
14513038,0
58293031,2
67444880,1
91473946,0
44273597,0
64872540,0
88934972,0
74929802,3
52066045,1
31169047,0
75912033,4
72218782,4
12273427,0
35948538,0
83022496,1
46095181,4
36618825,0
38777783,0
92075150,0
10194953,0
85932839,0
80243002,0
83987808,1
32803779,4
62918138,2
82861070,3
85875379,0
79071106,0
74586758,0
71313998,0
71873511,0
71769890,1
50442318,2
39741220,0
24206969,0
93473563,4
96009384,0
94498004,2
17642654,1
11423355,0
75604990,1
99850370,0
30673297,0
97268631,0
44016284,1
80623545,0
13689375,2
40401795,0
49429487,3
86013741,0
34798960,0
69263079,0
37366772,0
24204904,0
48747965,0
80000088,0
39793702,0
28289862,1
42937652,0
90695131,1
59087190,0
73171012,0
89629411,0
75159875,0
39821488,1
60965242,0
69504103,0
10923714,3
49384023,0
37303149,0
49357396,0
97357547,0
55283728,0
14220901,1
75818426,0
51861509,2
26918537,0
31016123,0
94892779,1
26990946,0
32077368,0
34202892,1
55109677,0
66152610,0
97974506,1
14560268,0
11229849,0
53643835,0
74007014,1
59370899,1
36645333,2
55894511,2
71462778,0
59169270,0
85904957,0
37458238,0
45346442,0
40069413,0
17080186,3
86678935,0
71818212,0
36916447,4
28751333,1
32636440,1
51046828,0
35355635,0
57257265,0
84060268,0
63211354,1
11535327,0
62590677,0
42588950,3
77803105,0
83922116,3
36011161,0
44771379,0
17397168,2
54088207,1
57296008,0
92717235,0
39743129,1
14758774,1
62855925,1
82790735,0
40760491,2
51852020,0
45731231,0
18387580,0
54769184,0
54024348,1
68837167,0
44029532,0
98548991,0
16937412,2
58342845,0
66070451,0
69900482,0
99908789,1
35590165,0
58973291,2
46205594,0
12199043,0
69533977,4
40969520,1
71821439,0
28096996,0
64578946,2
67107942,0
18844916,0
33632387,2
82117664,1
82866899,1
13242321,1
14372560,2
36838678,0
19313356,3
61537040,0
84642786,0
46685593,2
16199688,0
74224298,3
78667266,3
32863358,1
21289165,0
53519541,0
65264652,1
48635730,0
63165667,0
97493882,1
34992254,0
70904722,0
29721038,0
87572042,0
95680054,0
37447598,0
17167180,1
78705966,0
88170592,1
39795780,0
27358812,0
89981092,0
23991192,1
44377967,1
46214716,0
29845565,0
47238198,0
79274323,0
34506960,0
55987420,0
63911608,0
41819932,0
56613120,1
83564130,0
46869893,0
74475627,2
40272933,1
26070867,0
98518037,0
63485556,4
14699571,1
21143042,0
75910846,1
30343291,0
38185091,0
74810620,0
65340527,1
98480760,0
30840749,0
31870927,0
33026773,0
19069920,2
49512431,4
65484172,0
34468007,0
40395481,1
80695062,3
81331167,0
62241111,0
21314308,1
46176961,0
90759171,1
16382952,0
49690268,0
13634817,1
25410771,1
49841828,0
74889478,0
90730262,0
72516657,0
81209214,0
46386619,0
55950773,0
12889686,0
79037204,1
87956875,1
34618912,1
68380975,4
89887144,0
93128780,0
80494453,1
73693655,0
94771836,1
92037345,0
41711989,0
83974756,1
96036670,1
87227800,0
26375310,0
38742216,0
40124574,1
76084801,0
78060400,1
77558765,0
76011351,0
77320336,0
59403771,1
16142164,1
98586378,0
90756099,1
57947834,1
51651167,1
84225774,1
92524666,1
52919150,0
12795710,0
88852927,0
23664083,1
86311759,2
42449591,4
96617620,1
31379650,0
92419945,0
90694726,0
16283103,0
50360165,0
32390195,0
20354359,1
17600337,0
59517562,1
95918931,0
31997472,0
30784362,0
36595771,2
54195257,0
21114783,2
28413155,1
15694768,0
53592940,0
84184595,0
46472881,1
83781332,1
76790053,0
33456587,0
17763719,3
36744861,0
25743978,1
68005264,1
89579698,2
73851147,0
85249473,0
56985319,2
57608229,3
48732431,1
48722074,0
37948276,0
18031078,0
72481822,1
71631512,0
69747131,0
12147062,0
13039445,0
86659311,0
60644201,0
85588453,1
66611106,0
49675949,1
99622352,0
62165744,1
79261577,0
30938487,5
78489014,4
67555966,1
45099109,2
29176791,0
91144374,0
80498447,0
77553577,0
68221664,1
90851391,1
87009080,0
40325806,0
89640560,0
20176890,0
46740596,0
25706421,0
73854592,3
33958256,0
86161052,1
98980758,1
26369915,1
55215041,3
53121692,2
94785342,0
35679960,0
78587424,0
95014460,0
93940726,0
29514439,0
33203621,0
87942466,0
75281801,2
45163515,1
80778440,0
14325711,5
82379236,0
10989797,0
49341076,1
33091864,0
99016157,0
90971034,0
30330678,3
51277909,0
20296484,0
40538913,1
99302263,0
31348862,3
63828846,0
53700715,0
72514284,1
97741549,3
62531501,0
88089302,0
80547714,0
23012457,0
82033177,0
68042756,4
30467475,0
30152339,1
86726344,1
19080909,0
38436388,1
41394449,0
33063302,3
20545993,4
64566458,2
78179389,0
78769343,0
92724981,0
36965344,1
11557224,0
53088769,0
15194040,0
71943946,0
95547168,0
13777405,0
13312778,0
39447251,0
79226824,0
58661371,0
82659607,0
81760553,0
84284364,0
39804383,0
34216097,0
69117291,4
79742825,0
62899051,1
23675498,0
26347194,0
60994211,0
88543156,3
34167153,0
13682605,0
20010533,1
46510258,0
19119497,1
23667797,0
16413747,0
87258482,4
42902623,1
58689520,1
64242004,0
84450130,0
34912439,0
94545225,1
43548260,0
61485655,0
96495921,0
16211146,2
68718233,1
81198260,0
54947847,1
49880043,1
55221528,4
26417888,1
77377772,1
66823499,0
66412211,2
74977903,2
34346746,0
25754829,0
71043022,0
93005902,1
73474972,0
88951720,0
89879755,2
85331065,0
28416244,0
21804940,0
71957889,0
45463309,0
15242841,3
48734625,0
56532068,0
66934833,0
22105181,0
78189119,0
61288675,0
34178762,4
98963856,1
99342456,0
98760289,0
93000407,1
61354041,0
89907959,2
29131027,1
37797826,1
25011184,0
82338515,0
56159436,0
34699278,0
13046417,2
15263541,0
35122460,0
29856484,1
56685451,0
62148280,0
45645073,0
33140136,0
43485532,0
40239738,3
49109167,2
99850521,1
88077660,1
31551015,0
36921620,0
88247366,0
96405337,0
14229733,1
55267173,0
57680264,0
95794807,3
11747399,1
16395585,4
59537560,4
43199941,1
59862945,1
44454134,0
22865734,2
67518874,1
24398507,0
37526839,0
60570855,0
31790302,0
64964839,1
10277241,0
46284126,1
18009449,0
29216855,0
13317571,0
98716937,2
37947484,1
37336633,0
60320449,0
31500260,0
33885184,0
13265025,1
65212677,0
13724668,1
39444815,0
85709844,0
98904943,0
93032095,0
19365947,0
38233753,4
93913304,3
71313356,3
94180339,0
75283184,0
42281153,0
71374430,0
33809780,0
77342019,1
56263026,0
41465291,4
44833213,0
90094767,4
12237844,0
76609014,0
80686182,1
96659491,0
17391166,0
90284497,3
58240340,0
64109291,1
32694405,0
46557521,5
36045247,0
29618198,0
60265692,0
34771557,0
71182877,0
52076823,1
60722224,0
31092140,0
74012937,0
24838768,0
21459508,1
72149967,0
89823233,0
20504499,0
59933821,0
79550237,1
85017494,0
53728598,0
34451239,1
76199978,0
52560835,0
73467801,0
49814646,0
87303018,0
39479026,0
10765842,1
67523888,0
19836570,0
73527448,0
55999996,0
72919354,1
72704724,0
74064798,0
67829158,0
93229435,0
52481721,0
94877479,0
88909852,1
97759710,0
45090054,1
40379250,0
82341377,1
84702186,0
13228085,0
18635851,0
29174564,0
66683210,1
10955685,0
24139759,0
43009456,0
69969220,0
54449496,0
94290869,0
50403767,0
92677236,2
83455989,0
42767086,0
38783598,0
69735846,0
85167180,1
16920000,0
46985166,0
11202750,4
90843869,0
38191555,1
92417720,1
34505123,0
83839203,0
64470675,0
44115378,0
99679822,0
55915543,1
18948612,0
70248801,0
13779485,0
60763023,0
43296288,1
78579079,1
87906509,1
73871798,4
73507730,0
46595642,1
82145374,0
92645588,1
69312715,0
29687584,0
66064588,0
53004904,0
40278310,0
28712885,1
20664233,0
72406539,0
15933650,0
32261017,0
40797482,0
46690389,0
18880099,1
28405032,0
96855640,0
91465383,1
37959579,0
28268141,0
30136050,0
41465459,0
89071053,0
43907683,0
96616266,0
85119266,0
66744751,4
41710812,0
53727039,0
20389138,0
20195071,0
41641307,0
54178363,0
19662157,0
98321056,0
99074500,1
18881288,0
58361657,0
82469225,1
24658643,1
23063794,0
88259914,0
96158633,1
19324748,2
49515437,0
73219870,2
44603303,5
83727286,0
11946589,0
11055124,0
19165047,0
59778645,1
39266246,0
72551154,2
25397677,0
26613338,0
79810117,1
17750050,0
72616233,0
49351799,0
41289946,0
26605984,0
14733634,1
97525748,0
94242526,1
47917552,0
19410496,5
45198858,0
41552840,0
63942473,0
27769884,0
90143782,0
39539622,3
18786802,2
35892657,1
18865981,0
56005862,0
52661694,0
71879086,0
22503723,4
62808457,2
85903150,0
65863009,3
86202900,0
64078534,0
52458172,0
17645544,0
44512414,0
15515320,0
66820092,0
69466328,0
66324478,0
20139001,5
63830879,1
91156395,0
94165272,0
34898154,0
60933113,0
76163368,1
52636032,2
83849750,2
50812065,0
35832695,4
26830998,0
16374672,0
13362130,0
22366912,2
91697833,0
51154105,0
25731949,0
51310693,0
36778609,0
92047726,0
96159637,0
91171954,0
31390344,0
13374028,1
27446763,0
30899522,0
52740314,0
23613564,0
10877324,4
34022118,0
34257451,0
55584066,0
31542882,0
58509210,0
53622195,0
24213913,0
96370855,0
21537200,0
11858972,1
16140089,1
88688522,3
67142255,0
34037766,0
94638532,0
33638151,0
59643214,0
30936396,0
29546483,4
58906431,0
32346016,0
39187013,0
17800560,0
38544050,0
83288704,0
96443394,0
96462713,3
92290307,0
58023611,4
85641697,1
80764413,0
69060346,0
72246079,0
27258477,0
40745332,0
66984658,0
60824330,3
44840812,0
57132004,0
67271609,3
57827442,0
33595023,4
34888563,0
34082272,0
27339194,3
34881202,2
12879809,0
81328572,0
42080733,0
39033993,0
93105361,0
59174402,0
21122143,3
85006196,0
32192655,0
37539269,0
96502062,0
73491338,0
33341275,0
53730933,0
12058656,0
99948486,0
46837253,0
67917216,1
46809263,2
68156886,0
89934990,3
17842346,0
53812404,0
15376857,1
70052735,0
73506608,0
82667513,0
59862804,4
86577322,1
11486446,1
85816047,3
65883999,2
49652281,3
35587504,0
85001830,0
98227269,0
97772660,2
75558396,0
20279541,0
46090105,0
48175721,2
29572552,0
20154988,2
93273987,0
42387496,1
44065973,0
27471245,0
77213832,1
47478076,1
11595384,1
61113003,0
49690605,1
28669512,0
81952783,3
56239725,0
48384068,0
97506659,1
57201787,1
20208621,1
47369549,0
64887112,1
30015528,0
44698270,1
77472899,0
67982111,0
14661383,4
44384924,0
10599219,0
13021075,1
74124367,0
17236793,1
68614916,0
45439123,0
46888320,1
70847307,0
28933319,0
96436183,2
11412190,3
85011059,0
52834466,0
66564647,3
89197991,1
32420618,1
92713295,2
15673231,0
73065086,0
56906916,4
93203849,4
45605758,0
38094598,0
66429606,0
48770003,0
40171315,2
54460916,1
27920157,0
25679120,1
27233974,2
20535069,0
23511762,0
90029293,0
84501331,2
86892808,0
49261583,0
68346923,0
10437167,0
33158584,5
29460392,0
89274551,1
85301820,0
40255494,0
93432796,3
62281950,1
32810284,1
50534280,1
50983208,0
96561369,0
88318040,0
25363606,1
60645098,2
81430563,0
36150730,0
86749852,1
97711634,0
39781624,3
21361344,0
64152265,0
64522166,0
41983624,5
43675355,0
82502715,1
45363789,0
61828778,4
31236095,0
64739353,4
60387485,0
75217495,0
63423469,2
19966316,0
94711890,3
83774064,0
88390608,0
97307130,0
10547563,0
90798155,1
64264531,0
65319974,2
54735792,0
62355804,1
79828272,0
28356377,0
90392512,0
22527766,0
51829983,0
76027599,0
35610670,0
66345927,1
91974167,1
20002879,0
23489950,2
13876304,2
51429722,0
83245322,1
91945567,0
92616951,0
55156378,0
90933934,0
49141951,0
92173431,0
42546156,2
55531294,0
24843038,2
71828388,2
56266959,1
61045343,0
54610587,1
52803630,2
35463172,2
54614019,0
71435724,0
25398377,0
96372019,0
61276849,1
52221595,1
41961959,0
86304749,1
22097254,1
28851211,0
60739833,3
35363966,2
19994984,0
88392676,0
36429857,1
97207977,0
40788179,0
81125181,0
76135340,0
68011785,0
37557599,2
61896955,0
98726854,0
68975835,1
12704502,0
80075244,4
99893300,1
29951154,0
79020457,2
91289762,0
45410639,0
17520503,0
92316816,0
56130530,1
16322834,1
20469817,2
80003389,0
75468228,0
32918103,0
26296812,0
27580514,0
65661594,1
69507171,0
17771418,1
43106117,0
73305434,0
13808555,0
37665470,1
19216836,1
47379239,3
76664025,1
10632487,1
89664764,0
18125987,4
68239030,0
20984304,0
33655763,0
88103757,5
88087923,0
98294108,0
99369646,1
25254422,0
22549924,0
82643327,0
55144906,0
55070767,0
54478763,1
68507903,0
25140919,0
64051437,2
61178642,1
13363957,5
11321344,1
82106227,0
18209883,0
92187283,0
30545116,0
18152378,0
11985187,0
34606063,0
92781138,0
14164000,0
75142593,1
33952270,1
37303233,0
54658009,0
43257301,0
71047163,0
55714278,1
97191302,4
50480324,0
68423179,1
28328045,2
39175491,2
11242787,0
49030199,1
98721793,0
79760166,0
26060339,0
31799466,0
70912091,0
36558779,1
41186768,0
52682498,0
67147335,1
97730037,0
15201882,0
71385881,0
18909726,1
75123460,0
35420370,0
85419755,0
98528282,0
55180631,0
27953526,0
46145086,0
26572748,0
47959339,0
65006024,0
12472589,4
27885308,0
28392288,0
14440970,1
30897254,0
53761116,2
58437975,0
70062040,1
48647722,0
40505552,3
33402062,1
22768708,0
30198922,2
59905431,0
52231391,4
59429142,0
71385573,1
53461398,0
65773765,1
87383040,2
30482686,1
92408608,3
69611402,1
31793851,1
23268524,0
39604072,0
28348414,1
22672006,3
88757058,1
56607762,2
96455442,0
19651477,0
46936795,3
73361195,0
41447563,0
97833918,3
68919924,0
33771197,1
46294232,0
53824678,0
20965413,0
63351835,0
87734673,0
95582695,1
24111575,0
38350038,0
82828559,0
72430985,0
73746660,3
53658671,2
77352024,1
58461261,0
24070251,0
92518559,0
15912900,0
33096443,0
29361653,0
25094029,0
18016883,0
20046989,3
78178806,0
56499499,1
93524299,1
45898627,0
19288883,0
75592312,0
74780449,0
82072488,0
65474344,4
32101789,2
39700243,0
13287298,0
75585348,0
96112816,0
19328636,1
38823506,1
84040813,1
57237755,0
61587367,1
31050215,2
21867694,1
33400143,0
18990804,0
90250272,0
40975365,0
58744702,0
23396761,0
84305045,0
52738414,1
18473851,1
14900308,3
70203479,1
65322725,3
13499028,0
75117776,3
48106507,0
23844530,3
14871123,0
70621389,0
58009630,1
70451920,3
44057942,0
12775664,0
51704005,0
87705787,0
74595746,1
83573567,3
79099075,0
53841803,0
51958745,0
29381164,2
56830926,0
33503085,0
57283479,4
76572578,0
64687064,0
42918275,0
24093132,0
82348672,2
20057244,1
42817355,0
91886140,0
25065662,2
85133940,4
12217686,2
23088163,3
58976534,1
26896003,0
85604116,1
21510071,2
89906389,0
11452373,0
71421465,0
13496347,3
58428481,1
62066626,0
67627602,0
48524126,0
59421940,3
36590678,1
59830445,0
80107800,0
14658575,1
93242537,0
62532980,0
59337722,0
50614163,0
60449968,0
88520625,1
29517481,1
47056541,2
38886862,1
49508781,0
66367278,0
22703181,1
77381023,0
16714156,0
84327867,0
55145924,1
56855800,1
47274037,1
87801105,0
46344105,0
86346105,1
16038512,2
69183713,0
36761696,0
70551120,1
42025919,0
43196068,0
63378688,0
95178642,0
38151134,0
55533764,1
13722072,0
23322708,1
59043297,0
24448704,5
59129735,1
79127343,0
52485371,0
83985907,1
30306568,0
12425771,0
43748724,2
66810472,0
15603987,4
39748790,0
44580439,0
75018221,0
34885071,0
20672317,0
94856841,1
14428265,0
41590639,0
89272147,0
40826172,0
52548852,0
44178534,0
20973166,1
43834779,0
33699720,0
61390668,0
71476554,0
76851107,0
61426745,0
89711810,0
80846378,1
10540444,0
40670154,1
17784992,1
30924415,0
97150159,0
62390237,0
52500322,4
22185048,0
33799945,2
36952256,0
69721358,0
70780821,0
80409677,0
95635797,0
29130051,0
63658637,0
43086829,1
44532043,0
43483836,0
15773623,0
70484464,0
45350378,1
93806334,4
73854118,4
18675256,0
37983207,1
64118166,0
90000057,1
20608676,0
73730857,0
29395591,0
41035244,0
24383478,0
75618717,0
20657919,0
19285556,0
52683622,2
44420378,4
10130359,0
90503202,3
93587848,1
52214308,1
79522471,0
39871430,0
62394010,0
72481110,1
69307700,1
22601081,2
68885941,1
99464544,2
32010563,0
34508711,0
21903576,0
71748847,0
32567663,0
25020750,1
83311266,0
43025367,1
76818900,0
61097010,0
79751560,1
26013995,0
57715344,1
13343327,1
37117126,0
96047490,0
54553682,3
19559873,0
19730887,2
90745713,0
29837122,0
41093348,5
39693627,0
57791577,2
51961727,4
61699547,0
84839705,1
16103986,3
67908718,0
48167005,0
33766375,0
85060724,0
22140185,0
61750580,1
13381152,1
28004350,0
43625277,0
39791669,0
72554866,1
47965406,1
15054112,0
40600872,0
28786546,1
67709571,0
28873040,0
35021667,1
99773456,1
74833923,0
54055754,2
99456552,3
67942888,1
84982284,0
95299135,0
12798802,0
30624047,0
10032457,1
43937697,0
69574776,0
63096762,1
50972113,0
28260760,1
83750455,0
32927122,0
33695051,3
87993096,0
79122131,3
90625746,0
82770442,0
94638186,0
25483610,1
96451707,0
32572455,0
32844327,1
45875854,0
98901440,2
98094484,1
93234251,1
56191532,1
11592410,3
89176816,0
61793354,1
57862382,1
67116041,0
95031806,2
87263425,0
71703528,1
86025808,0
93750310,0
55756843,0
45082720,1
38180612,0
26757393,0
96492940,0
57470129,0
21936395,0
23529605,4
84444457,3
49243908,0
23056367,0
43105965,1
40020072,1
89816347,0
99536779,1
10384231,0
32042508,1
94666143,1
17435966,1
23006763,0
91502903,0
85601541,0
77958882,1
97499440,0
26826674,0
39065733,1
19208623,0
68626472,4
37371916,1
86064740,1
38647364,0
99544858,0
43692895,1
94651989,2
65483589,0
10484573,0
95842310,1
69356265,1
20615489,0
23007405,0
45775514,1
19797356,2
67221072,3
85163536,1
54330066,1
16098879,0
35570730,1
18661968,0
63415488,1
34903902,1
57673078,0
84951233,0
21512053,0
23695484,1
88978091,0
23456517,1
77930173,2
46205563,4
87662879,1
58202506,2
68530699,0
66705177,4
96462900,0
61352155,0
48029327,3
58114766,0
56501297,2
77887833,1
25748742,1
76772606,1
41727334,2
28179664,0
32295863,0
35052039,2
87230035,0
34772695,3
91149669,1
93709988,0
16648222,0
28807512,1
36894815,0
43533725,0
40758289,0
54991980,0
81865136,1
83686834,0
65567601,0
26562902,0
46670132,0
65924703,0
23618637,0
10570097,0
42902336,0
56292768,0
24168066,0
65385613,0
16342285,0
97197121,3
71134009,0
79694035,0
95320276,2
93889526,0
99358274,0
28553154,1
39414670,0
61516286,0
88844051,0
62734497,1
47134722,0
99832271,3
39586977,0
93114328,0
12627533,0
70531110,2
88699679,0
65413517,0
32917835,4
65934026,0
43144622,0
98955887,4
91613277,1
56275196,0
59749846,0
34394317,0
23877549,0
53072345,0
19120258,0
95129115,0
10735319,3
55827669,0
74142905,0
89619419,0
12885122,0
44352425,0
99140957,0
69930650,1
59469083,0
49716115,4
32885367,0
38942149,0
62528645,0
40102483,0
81063003,2
76871668,1
72450013,0
20896225,0
74476621,0
28168250,0
41580066,1
19674755,0
45212929,2
29883161,0
35675849,0
68187082,1
78301116,0
74904823,1
49904171,1
98748498,0
95367663,0
55238799,0
23990693,1
29023063,1
59765133,1
94203209,0
12771794,0
34455689,0
83707867,0
14761842,1
23221929,1
58278816,0
50533164,1
23024367,0
90885612,0
22575882,2
32241179,0
96597418,2
79609545,0
73438188,1
22856003,0
74004177,0
36049360,0
99149688,0
38247302,0
13199093,0
12233305,0
49418971,1
78481911,0
69602075,0
79815510,1
52650416,1
85714861,1
22779198,3
94039985,0
67329166,0
65295565,0
59725520,0
32104936,0
10971282,0
98815191,1
88385653,0
54471932,0
13829792,1
56507077,1
96700228,1
39472406,0
17433578,0
76599563,1
44841583,4
45447799,0
34449487,4
18918770,0
77370501,2
44823534,0
77722356,0
80956241,0
92742299,1
78045488,0
98254110,1
18355000,0
86887359,1
52655139,0
36121753,2
66086393,0
25070758,1
45013359,2
37715456,0
53740325,0
75832371,0
15485874,0
46772334,1
81300367,5
63539402,3
46618343,3
19094844,0
53388103,0
74760367,1
39813990,0
25967738,1
57170390,0
22244146,0
85137922,2
69449745,0
88479207,0
44567541,3
49059170,2
66560616,0
42559415,0
17999095,1
45762171,0
73852646,0
17416905,0
11013842,1
70132426,1
96828012,0
70426538,0
65154175,1
28212714,1
61745937,0
44166623,2
50683449,1
78729453,0
54962303,0
24319972,0
40614686,0
53668217,0
18713155,2
85504347,0
35510854,0
76040557,0
34790474,2
35273650,2
26071014,0
50948616,0
79441641,0
34396894,4
87580444,2
88660454,1
13860490,2
80567480,0
13597626,0
98895826,0
93799372,1
89507080,0
54035105,0
50292925,0
54344964,1
15436469,0
51723854,1
23583774,0
19562051,1
36265162,0
10703274,0
22438559,5
59223770,1
29361803,2
70470514,0
73919945,0
78533021,0
11966696,0
19667388,0
44188229,0
28719058,1
95472419,1
41280062,0
82653241,1
13607123,1
92878915,0
44986140,0
74707075,2
76361886,0
10538182,0
69058576,1
60478125,1
95766260,0
42191147,0
87768665,0
14358220,0
89829148,3
60046516,0
16833961,2
51799350,0
45096189,0
38596959,0
98346926,3
40855404,0
84061042,0
30267020,2
55772741,0
67994388,0
97171110,0
73635312,0
78076296,0
30557686,0
55786537,0
41565800,0
72678297,0
87303397,0
49053246,1
94558560,0
41605057,0
46541934,0
86569296,1
53774024,0
89682482,0
87992505,0
50549623,0
78985282,2
68312532,0
39008071,2
82080757,0
33797810,0
96713568,0
71366050,2
32063497,0
43296899,0
74870237,0
38506197,1
14059332,0
91518055,0
23558138,0
94778435,1
76833270,0
88654782,0
15570095,0
13420035,1
81217027,3
31482121,1
81594390,0
21758772,2
58788733,0
22125125,0
20939185,1
10621908,0
97694309,0
12680032,0
40794875,1
60814592,1
23448579,0
42937063,0
33359137,0
17790518,1
21358937,2
57635891,0
27613274,4
55768116,1
73991711,4
78808812,1
71852449,0
19356626,0
42158052,3
10399167,0
38279182,0
32160228,0
44897476,1
45076609,0
97201741,3
49998271,0
29643944,0
77082770,0
34547517,1
24013387,1
49381306,2
96118454,1
10926542,1
64461226,0
10698482,0
55457241,1
11021502,0
55616824,0
52386402,0
23368508,0
63826800,1
72413869,0
46800290,0
70937004,0
20860832,3
74420192,0
82602134,0
25163609,1
44314627,1
36088755,0
57953275,1
78717853,0
70101136,1
39549413,1
57258602,0
49577337,1
88054467,0
73704190,1
21059384,0
36578371,0
55898726,1
84439559,0
31684094,0
81100083,2
18500420,0
87329657,0
21101621,1
61820976,1
99789558,0
38588394,1
24974313,3
66946320,0
46270664,2
63691738,0
26644360,0
54551555,0
60596281,0
67066178,1
78550592,0
37751914,0
48697873,2
70295164,0
63770194,1
54946486,1
17074238,0
65312446,0
77988113,0
47029804,0
62785721,0
91137984,2
22646998,0
61357254,1
99897363,0
10961244,0
32223591,0
76992920,1
49427696,2
78715257,0
51839583,1
83220478,0
40738489,3
30123581,1
95228786,0
81993169,0
96687786,0
85705175,1
34883286,1
64270210,0
83010180,1
14076772,0
36903416,1
83729133,0
47307573,0
11624277,2
67493109,4
16198447,0
26096721,0
63087264,0
81464019,1
81904954,0
66090504,2
98372498,1
58074089,4
65959553,0
20557296,0
15205924,1
41854987,1
37163236,0
68636670,0
69371239,1
95287312,3
78128450,0
28855316,1
97854292,0
74558850,0
49661483,0
19083070,1
47114697,1
65351931,1
95185133,0
45737548,0
77280989,1
46387623,3
36045098,0
17645512,1
93679523,0
54871046,0
79743889,0
86602698,0
64526090,1
73663891,0
56919068,1
98415753,0
94614601,1
17363575,0
36737258,0
71585046,0
14233071,1
10072475,1
28800236,3
84377875,1
81697930,0
47822688,0
66823009,1
45856424,0
49245956,1
15086111,1
53698031,0
71967858,3
20806822,0
51874015,0
50847606,0
53091633,0
72027958,0
85438892,0
27609960,0
17012953,3
73666145,0
69644964,0
50200991,0
93797602,1
21688151,0
60194771,2
29897740,4
52754964,0
76146195,0
89159920,0
63831610,0
14185213,1
63353283,0
22134410,0
20922293,2
67809019,0
72474955,0
69633393,1
14413068,1
22207303,0
15549160,0
18007120,0
19926243,1
69629703,0
41324598,3
13699189,0
93876753,1
61783996,2
91695113,0
70799453,0
88001956,1
61404873,0
90842932,0
26897665,0
62677225,0
53476620,0
41519079,0
23816440,0
12250752,2
98698482,0
17442975,2
41163479,0
65667546,1
10668676,1
31302961,1
80465785,1
73666580,0
34863584,0
73196610,0
59545916,1
49457869,2
61185007,0
79772446,1
40544417,0
11632053,0
75063005,0
72246312,0
56399493,1
13466576,0
80963365,1
94588039,1
84063465,0
48727280,2
88867137,1
98442856,0
95488289,0
38823620,1
97971496,1
52831714,4
33319648,0
63422856,0
70594628,0
33836125,0
86828400,0
31357258,0
63110861,0
31655286,0
99823448,0
42405037,0
21385104,0
34774195,2
58442076,1
13790035,0
92785470,0
42262814,5
24341932,1
39265636,1
99580477,0
18739575,0
51293275,0
94221592,0
23104596,3
82696481,4
46983435,1
72822393,1
95873920,0
83993242,5
47630807,1
69598503,0
53657322,0
72967461,0
42670651,0
63704287,0
17030198,0
52004130,0
32447273,1
77435474,1
80218767,0
56417628,1
18993953,0
27774666,0
27530325,0
85653239,0
73296166,0
28980236,2
11826614,2
30405535,1
18630445,0
39166771,3
81995830,0
85028266,0
49093248,1
73775875,0
77013522,4
44952053,0
51406135,0
32157484,0
99874906,0
22218954,0
28130658,3
64404137,0
64816549,0
21405338,0
65611782,0
17616048,1
30244966,2
45702773,0
96896849,0
70252248,1
26537292,0
17779668,0
41742925,1
15913580,1
61857068,0
69810930,0
39922411,4
22943639,0
13341688,0
92664987,0
44099965,0
80062985,0
64059266,0
47243570,1
31268322,0
74906040,0
43770090,1
27218618,1
33577127,1
34223870,1
58038191,0
14582843,1
65132580,1
82798416,1
44727289,0
78137132,1
61327670,3
93535024,0
54237037,1
58756141,0
70397772,2
59558707,0
55402331,0
11925675,2
44027083,0
41964915,0
12452645,1
99098801,1
78257968,0
73124807,1
98092401,3
71834275,0
61928502,0
14465456,0
61724514,0
49213090,3
87254242,1
89865222,2
86920518,0
11259171,0
51265953,4
60834001,0
36377476,3
21322427,0
40012750,1
35602490,0
40531446,0
85827395,0
20761433,1
84050966,2
89111849,0
78887259,0
95115788,0
34022378,0
29373791,1
21804693,1
16672723,0
59802953,0
58972444,0
17179027,0
72036016,0
20767641,3
14979359,0
92404648,0
30383377,4
59581072,0
48757419,0
66004993,0
56523068,0
93819212,0
42160738,0
71920378,0
35942918,3
12283920,0
29693427,0
59439294,1
61024822,0
37117035,0
36543499,0
92680921,0
21329361,0
94467765,0
64445425,0
57059194,0
81975168,2
28615186,1
47019357,0
45105046,0
94222869,2
53101471,0
95366517,1
23270042,0
44564857,0
94416328,1
44160126,0
17456809,0
18099849,1
47440154,1
49613061,0
17576267,1
64601898,0
29395183,0
74048429,1
74138507,0
25781716,2
77045816,2
27929193,0
43361312,0
67680473,0
39015613,0
59321901,0
61311597,1
42719290,0
13611480,0
71931636,2
86040383,4
34818976,0
55634980,1
40029797,1
83266397,2
58567086,0
43771652,0
82603740,0
17007545,0
65087750,0
96085365,1
61396024,0
51161178,0
60383044,0
33320182,0
32229268,1
94010372,3
71708361,0
50536475,1
87636714,2
38138533,1
43242093,0
85304481,0
88581901,1
52000141,0
66530686,3
46956718,0
88616642,1
28327206,1
55225803,1
75510861,1
34226568,4
47002613,0
43931718,1
50871831,1
65278929,0
97597000,1
19457637,0
68732260,1
44481560,0
61883065,0
69101997,1
15345628,0
73858707,1
19666445,0
85668483,1
75549200,1
98729747,0
67125535,0
21648467,0
47937905,0
69723623,4
79128642,1
19197634,0
19776634,0
94574603,0
50208984,0
72903945,0
21461895,0
89123578,0
33203264,1
64891518,2
72264965,0
30347921,0
20375526,3
37712280,5
50399314,0
51474378,0
75944664,0
41604812,2
13018088,1
71254616,0
32145084,0
37234293,0
94270400,0
37681482,0
29008640,2
45140685,0
36852360,1
67944334,1
57573817,0
82414207,0
27297836,2
51795000,0
11952665,0
98819710,0
36884394,4
49820003,2
39884164,2
44682538,1
76353259,1
54824968,0
51149352,1
50270054,1
33312427,1
31348722,0
74372670,0
28591301,1
50042865,0
86258999,1
87728331,0
60993962,0
58021208,1
76702103,0
47318514,1
62440308,1
73176340,1
16581523,1
54799956,3
46335031,0
44313066,0
60721910,0
79380678,0
18997314,0
89857543,1
86852160,0
38951225,2
37672457,5
68343849,0
77279802,0
32119722,0
71913835,3
38414585,1
92674590,0
23994323,0
90678903,0
74217042,0
85789800,0
26900993,0
54044022,0
98611991,0
18521826,0
34255049,1
31426327,0
58294483,2
46180722,1
76712433,0
75129602,2
13706233,1
57844408,4
28822859,0
46826975,0
64016923,0
32116438,1
41382699,0
62948757,0
67380533,0
26894642,2
65288395,0
80415256,0
31414072,0
91797535,0
12266447,0
65158337,0
42969843,2
12938051,0
69560495,1
50734621,1
48583426,1
98622783,0
22662248,0
92591223,0
30959080,0
43963128,1
36751793,0
53561819,1
18773121,1
35771770,2
50473926,0
31951937,1
80800598,0
21827759,0
39703546,0
64508886,0
12200851,0
12606912,1
77614217,0
86442307,0
63436445,0
47389865,1
94736320,2
97327518,1
99685589,0
21903524,1
70946360,0
92698423,0
64485493,1
34569578,0
60488996,0
79281928,0
36451486,4
88689845,0
87094446,0
92540222,3
58867691,0
81944870,3
60888006,2
95114146,1
67266406,0
67745195,1
62817867,0
49810467,3
69010204,1
71242423,0
47434103,1
12115966,0
70141460,0
20885282,0
39299361,2
93374007,0
26073202,0
69964056,1
34838462,0
30116458,0
90430524,1
63470840,0
76997784,0
10138027,0
80285510,3
26061366,0
15707251,4
51306631,0
52671140,0
26905238,0
98825705,0
64510199,0
72443375,3
78681680,0
58417360,0
44309776,0
17243527,0
50812809,1
78694777,0
65340985,0
64747999,0
39210305,0
99546275,0
27273479,0
64864630,0
38077412,0
17701558,0
26286756,1
65154551,0
30478090,0
43670399,1
33359514,0
13628881,0
32046231,0
61115951,1
12078093,1
71658537,2
84015464,0
25475218,0
23750087,0
76755217,0
77575475,0
69836853,1
28760350,0
93764616,0
67749486,3
25326980,0
82123220,1
72499026,1
50358123,3
15529629,1
65149562,0
62550981,0
59963741,0
84140260,0
41583923,0
81340506,0
51495635,3
63349026,1
82292381,0
70687453,0
78808611,0
86827519,0
72050836,0
21178323,2
17056112,1
14873776,1
51531168,0
15186950,0
56936522,1
48320851,1
67877093,0
88619564,0
62031555,1
70686597,0
45076560,0
19660974,2
30516669,0
95014564,0
75174605,3
31881333,0
26082165,0
10508433,1
41298740,0
19367281,1
63968559,1
39975177,0
16328286,1
55689836,0
76487742,0
78469535,2
41890689,0
30500606,0
69709543,0
64235945,5
93744784,2
93907797,4
47148026,0
48622356,0
77446382,0
86732866,0
39767037,3
40871392,0
50678325,4
31532216,0
89401543,0
37302208,0
69216647,0
33091916,1
76431233,0
58373752,0
34232623,0
32952124,0
12155590,2
89940324,0
21829196,1
75178263,4
94260250,1
62725268,1
56797356,3
88577572,0
65495060,0
76415458,0
39259490,0
19047747,0
75876090,0
55325864,0
39009938,0
69839170,1
79865585,0
92336552,0
76578543,0
87167583,0
93068310,0
88783509,0
21085076,1
95866396,1
20912603,0
66396132,0
80789419,0
10815890,2
92345063,0
13713102,0
55832037,0
18846954,0
16219053,0
42022843,1
52183589,0
96373295,0
90612942,0
90995590,3
91193581,0
78331704,1
21307695,0
60116023,4
80997886,0
42033405,0
56924037,0
81002007,1
59657002,3
69369361,0
20496756,0
27824517,0
11975242,0
80348302,1
19835300,0
59900242,0
90605785,0
30758380,0
39889076,0
46996166,0
31442892,4
68008372,0
97592146,0
53286873,0
92268360,1
74064641,0
27077430,4
24672771,0
46699080,0
86090607,0
50125674,0
82243397,0
62953999,0
52958128,1
80403758,1
73871239,1
48018754,0
46816938,0
91603302,1
52093636,3
60764389,0
30663134,0
47143791,1
24027879,0
30982543,2
30869886,0
38148431,0
56588596,1
28234246,0
92325281,1
97822032,0
33721362,1
11814214,0
40094491,0
66341242,1
49772636,0
16582726,1
33117098,0
24087225,0
53630587,1
47736198,0
64960204,4
88846854,1
59203943,3
73878655,0
33306276,0
13230183,1
21419045,3
10059226,0
83080964,3
65960585,3
56738203,2
53538905,0
62209671,0
17086846,0
46435969,0
41283456,0
18039144,0
11092577,0
88760933,1
39730577,2
77562631,1
71104127,0
36310286,1
95510501,0
40764057,0
77424718,0
70816749,0
70397819,1
46114140,0
66364460,0
27795579,3
68462529,0
43468494,2
63843141,0
69073831,0
58753453,0
77252033,0
24443078,0
79972996,0
72333984,0
47862544,0
44752478,1
27889718,3
53008040,2
33986808,0
49189910,1
14784076,1
10868032,1
52066302,1
80343074,0
34423898,0
41115912,0
97542587,0
38265603,3
21905613,0
13869889,1
48288963,1
43393715,0
71675814,1
61629132,4
95338189,0
16115965,0
12980960,0
70911548,1
99801767,0
44791431,1
18894694,0
82913583,0
49798601,0
87564264,1
13929051,2
30051254,1
74092683,0
46611137,0
12239698,0
37277982,1
93866816,0
10533572,0
57212088,0
69766423,1
77611968,2
54800115,0
57414565,1
11081484,0
15136920,1
88310269,0
32366203,0
86784413,0
16077356,0
87118280,1
87892733,3
25508191,0
87519273,0
86984734,1
10846226,1
48757908,0
93177043,0
65194068,0
22356741,0
68887255,0
34079957,0
21266222,0
14258428,0
82946123,0
36526319,0
69197243,0
59107167,0
53952397,1
32322446,1
52271699,0
85797652,0
57418289,2
78576807,0
61034085,1
18674274,1
55532889,0
50731745,0
89816402,0
42695472,0
92417215,0
45764400,0
78745989,1
41451055,4
61402506,0
72863836,0
36514530,3
57260297,2
52490829,0
79610445,1
54819420,0
85807723,0
42859239,0
49482022,0
78831042,0
67477352,0
77881332,0
53508487,1
86183955,0
84472530,0
62201648,0
53311388,0
38879867,0
69607930,1
17661649,0
25538306,0
96999813,1
63772638,0
63170134,0
24239257,0
94744301,0
16609834,1
36995329,1
26724309,2
73528581,1
91582698,2
42658352,1
18997863,0
30057866,2
30610190,0
73892657,0
37256629,0
33207316,1
81461332,1
47390537,3
70099272,1
85996294,0
57419738,1
65570816,0
31829119,0
10053312,3
81226314,0
77787032,1
63273649,0
30089122,0
13795728,0
58917119,0
93920420,1
84726207,1
74644921,3
58505407,0
21333972,0
30535969,1
50973036,0
33221764,3
21604546,1
61760120,0
36910813,0
53703600,0
78015345,0
96237139,0
27882502,0
75944666,0
90256268,3
99791585,2
10174574,1
47961802,3
39610860,1
28923959,0
82741463,1
89080539,0
58270451,1
89123860,0
96633017,0
56730626,0
18196066,2
88165722,3
57098338,1
66884753,0
89568681,0
27430263,0
99839711,0
26268785,2
26885565,1
26233119,0
40085234,0
94486209,5
57907762,2
73899736,4
96834158,2
84674746,0
30177087,1
50159796,3
91844676,0
80458161,1
49921413,1
26886971,0
74673763,5
21466835,0
37139749,3
78007965,0
75987870,0
69700971,0
33590329,1
38748204,0
89140516,1
27366568,0
44236751,0
79471855,1
47761794,2
12790774,1
11092157,1
44159139,1
35148108,1
80047568,1
90439281,0
66764502,0
72053895,0
58426758,0
93037739,0
34140126,0
32777363,0
23260154,0
74086691,0
82887269,0
76864902,0
87712469,3
38541065,1
79978666,2
34472061,0
96061440,2
60977645,0
76030294,1
75994006,0
63970371,1
57371681,0
90033645,1
71180771,1
82443050,3
77778651,0
54058078,0
40021447,0
93506807,2
44038213,0
36608911,4
90267888,0
45004028,0
94444324,1
99690085,0
84844216,0
23962634,0
87515100,0
84481537,0
78008900,0
40482456,0
80706046,0
13470587,0
65588425,1
31988562,1
21603446,2
98659133,0
49747403,1
82346222,0
74414071,0
89905126,1
26261723,1
87671124,0
99297357,4
10893830,0
19054520,1
35758085,0
71806050,0
59357048,0
66805967,0
82750070,0
10756473,3
89883294,1
83086122,0
60679183,0
89685277,1
25671376,0
48040361,0
86801190,1
41983331,1
13074189,2
23626492,1
26367447,0
44546054,1
33098395,0
37940424,0
94173326,1
98222091,0
73988030,1
87395991,4
72014317,0
62305888,0
15543429,0
43154040,0
95549662,0
30217838,3
34735793,0
61946459,0
42428352,0
79215574,0
53228502,1
56055604,1
79650183,0
84559291,1
69970802,4
61384804,0
14949647,1
34280928,1
79354569,0
86512707,0
54639761,0
72958129,0
33883070,1
71513052,2
90714578,0
50286695,2
94384611,2
91488474,0
79009592,3
70619383,1
28564641,1
89968636,2
90386200,1
93100892,0
33264096,3
96188251,2
24365137,1
76712941,2
42040243,3
93256538,0
25387717,0
39859343,0
41268706,1
54194667,1
76959010,1
24132425,3
21417578,0
39262841,0
14598429,0
72746965,0
40608280,1
29007742,0
99450666,3
51369097,1
47489830,2
21406833,0
46933222,2
45355184,1
53046929,2
96812503,0
95299303,0
71182350,0
67688233,0
10709725,0
68353979,0
24909178,1
94681064,2
47854722,0
16503123,0
36471376,0
79447129,1
67759686,2
12224347,0
67150906,0
20560564,0
60797818,2
95585195,1
59139882,0
30428353,0
57769059,0
86627961,0
92075019,0
20370710,0
95502468,4
96903474,0
58412102,3
92519070,0
80494617,1
22530877,0
54478266,0
26408757,0
97844344,2
69512824,1
87610240,0
57871466,3
44626541,0
64701318,1
13978997,0
34835085,0
72295470,1
17818158,0
83180736,0
54104637,0
77110782,0
61974266,0
18193649,0
60104051,1
12120984,0
47815876,0
97622218,0
48387547,0
34086175,0
77840221,0
89227873,1
31980267,1
81089110,0
20228045,0
75003393,1
38290007,2
98089134,2
53864491,0
91795159,1
86139572,0
16136687,1
49418378,0
34074367,0
58742761,3
63493822,0
99422101,0
95032976,0
74871371,0
87003583,0
14936670,0
87317472,0
77160244,0
46978926,1
49047057,2
98850372,0
17380209,1
43368993,0
18792161,1
65685058,0
94105192,0
28835138,0
50928811,0
68764811,0
97861626,0
21102242,2
37727850,0
28961932,0
83878746,3
77342905,2
18428039,0
77457970,0
58175771,0
91664608,0
39910278,0
56899386,0
29330314,0
45197879,0
66599148,1
59086971,0
70608000,0
95958842,0
23557310,0
19762626,1
29815627,0
10804577,0
65568396,0
78451164,1
65799737,2
36785206,0
83699840,0
31970492,5
48796568,3
87295000,0
14624703,0
49694163,4
35475396,0
67932411,0
40016839,0
88560274,3
94435262,0
47965481,1
92607791,0
10555107,0
50039490,0
83461924,0
19619853,0
51496448,1
80695366,0
87654519,0
13192228,0
70321127,0
59399124,0
32254650,0
98298263,0
21262963,0
82997471,1
57465363,0
15303041,0
15992683,1
53659873,0
32827118,1
64191573,0
38105093,0
38024203,0
95892155,1
14806051,0
51081426,0
29541463,2
92536698,0
38357373,0
83231291,0
70620722,0
39001494,0
23450049,0
15105245,0
59696982,0
61695286,0
73701336,1
51210910,3
69945783,1
21417845,0
54377980,1
84176375,1
39657100,0
43578132,0
37826709,4
80817220,1
41741064,0
73546708,3
74537651,1
66499162,2
74315462,0
88396393,0
77975338,2
36191596,3
71936553,5
52682222,0
48066980,1
40817539,1
38139660,1
59372112,0
74358151,0
21135818,4
17731011,0
92917598,1
68280319,2
77961124,0
65748071,0
43387106,2
57509261,0
71890960,1
73525398,0
95908604,0
56249930,2
14117440,1
68627476,3
73125268,1
76870311,0
34684721,0
81403054,0
27677793,0
94457073,4
45358079,2
59130772,0
85495269,1
22551502,0
47926027,3
76295817,4
89422867,1
67023750,0
24851471,3
40090946,1
30946302,1
28402133,3
42268571,1
87270672,1
15447347,0
89211536,1
58872114,0
47798396,0
21465524,4
85778480,0
59244389,2
88605025,0
76508450,5
65672146,2
57882433,1
28583537,0
18674043,1
62178254,0
50932848,1
93757550,1
23152540,1
80562431,1
77427575,1
88673225,1
41665984,0
23768773,0
34865874,0
69144212,1
19955021,1
38603412,2
77030607,0
27869833,3
57853336,0
55283626,2
60519351,0
93429066,1
31540514,0
37081731,0
66800395,0
85971540,0
38447151,2
94275042,1
75921585,0
66328367,3
48597579,1
17451191,1
62987679,0
92016742,0
39159231,1
14937171,0
63774508,3
44077973,0
75569555,3
58451799,4
12543549,0
43774329,2
14734566,0
80812579,2
26593874,0
11787369,0
65159025,0
54969516,1
61290692,0
16431463,0
79133865,0
82730810,0
12665779,1
73368324,1
87589818,1
76258834,1
11718382,0
21968253,2
14746552,1
62522878,0
20750383,4
85891398,0
96621450,4
81074725,0
21947852,1
13431255,0
29119625,0
84326728,0
28624958,0
70686164,0
62107217,0
37389887,0
17534705,0
38257702,0
36056035,0
15056566,1
83223350,3
78264555,0
29414944,2
89878131,0
82678173,2
69737831,4
31476405,0
34198303,1
55317600,0
20420118,3
84293191,0
46471363,0
42320292,0
62485164,0
25916829,0
39342307,3
74756412,0
25594127,1
85353537,0
11507660,0
78463192,0
91184710,1
55215618,0
67306349,0
12399566,1
20837808,0
65394874,0
82989474,0
97809263,0
24232136,0
30257408,1
86621583,0
30642455,0
95042416,0
57667077,0
46834569,0
62912136,0
66504849,0
50667162,1
51172883,3
90151043,0
45287622,0
58711045,0
52689540,0
47242013,0
44223811,0
91253625,3
36321586,0
67706427,2
79385789,0
87821491,0
67242549,0
76957425,0
44031478,0
66416051,0
14606724,0
54462527,3
38164405,1
65550795,0
72869926,0
50951006,0
91386008,1
25317650,0
59656016,0
26502858,1
33664382,0
53682499,0
48702102,0
65322827,0
57019912,2
15270991,0
26242174,0
35380090,1
24941318,0
12339464,1
46855506,0
93638476,0
96558100,1
29649938,0
42652685,1
25493826,0
56148712,0
25517797,0
85601439,0
68084918,1
17071502,0
69071042,1
31806978,0
27098478,0
47805414,0
42712608,0
10820243,0
21296037,0
48073848,1
38421137,0
11197700,3
93342877,0
54372802,1
82485251,0
87939412,0
68453933,0
34685833,0
21323982,4
89910640,1
83161540,2
24488950,1
75974114,1
65647280,2
99738050,1
30962287,4
71400626,3
98521082,0
98943890,0
71384756,4
16743021,0
70631107,0
30577156,0
84623208,0
46951531,3
27662744,0
41297639,0
64753135,1
32641749,1
45084403,0
58111783,0
43125516,0
38665308,0
62195384,0
61475412,1
22056320,0
80284002,1
91699032,0
11557571,0
34708340,0
78494898,1
60389777,0
72560081,0
58398449,1
72356746,1
72350847,1
19133193,0
66183726,0
98051272,3
64723362,1
41312111,0
57170844,0
52707402,0
22133858,0
22811184,2
13336184,0
68534078,0
57527756,3
73959403,0
69539661,1
60010825,0
85299567,0
40841425,3
98174858,0
96701318,0
48874583,1
72928249,0
76073456,4
55094910,0
68465951,0
14359132,0
93594120,0
82172348,1
65202300,1
31804829,0
57243715,0
57910326,0
45332708,0
83093867,0
50327383,1
51724251,3
31585036,0
58132501,0
59959300,3
80318591,0
63740621,0
38830090,0
44894379,0
19409689,0
92306558,0
98415129,0
95812815,0
70315445,2
99217532,2
45564878,0
18801687,3
79891951,2
15406520,2
81801859,1
62570438,0
75613409,0
99719676,0
16323821,0
99835175,0
82739694,0
14601511,0
62967636,0
48309194,0
81734868,1
91703928,0
32612239,0
44465755,0
59616075,1
14171704,1
72940559,0
12408569,0
89260248,0
98618157,0
51719827,2
34455917,1
19646184,0
19927745,0
69914507,2
68665799,0
99105722,1
86586288,0
46488303,0
33779491,0
82011195,1
30871793,2
82853694,0
25977526,0
75567644,0
57876071,4
68534101,0
93360720,0
32808766,0
99099113,2
76873349,0
36393950,0
70677831,0
83646347,1
51596582,2
65633383,3
72805148,2
60090995,1
76490032,1
89495094,0
99205583,2
18144753,0
85787041,0
11700293,0
18317411,1
53114922,0
19477181,0
45039302,1
54212792,1
81100997,1
65439731,0
82729718,0
26367575,0
64129801,0
17616308,0
26198131,0
14206764,1
53408210,0
35766648,0
41807890,0
64010297,1
89719283,0
39214416,1
47133622,3
63940140,1
63484205,0
87646213,0
23496518,0
23107176,0
24760277,0
87411333,0
98739685,3
36519651,0
64542866,0
77214149,0
63055426,0
39598948,1
98949448,0
15753570,1
56068336,0
50265494,0
72460709,2
85044226,0
80845879,0
44036835,0
20900900,0
60731158,0
39910881,0
89390992,0
67685354,1
99089249,0
43813245,0
23805608,0
18389145,0
45471470,1
18561509,1
50245504,0
55937745,0
47913541,3
59051891,1
53736870,1
70698297,0
18050272,0
40021137,0
28768523,0
36018956,1
99132018,0
52735092,1
71644055,0
24437181,0
76468856,3
16505154,0
74114888,0
35240243,0
62983344,2
32080047,0
65476369,1
13249957,1
49993422,0
39420142,0
25192904,3
35916641,0
37484427,0
76798505,0
58927325,0
89667940,1
76589089,1
86763523,0
78084188,0
31022410,0
94540650,0
98126540,0
92982964,0
97294750,0
32307709,3
38487676,0
29289754,0
37058588,2
21399976,3
92426647,0
13532967,1
66545676,0
76527588,0
87278183,0
11100768,2
10857969,0
77960906,0
35028261,0
39142810,0
52584096,0
10278750,1
83659297,0
49338762,0
72919355,0
36875250,0
95108390,0
29540541,4
37825431,1
90696484,3
79525499,0
86720424,1
29180462,3
45992509,2
52374262,0
19524799,0
98822120,0
70621542,0
76709980,1
95556376,1
57820127,0
61189172,0
74873268,1
78854633,2
76876136,0
62819222,0
59445568,0
80113747,0
75839833,2
21800367,1
75460705,0
58538364,1
49751101,0
92867670,1
59123913,3
92228525,0
18393046,3
40874601,0
92552976,0
20683390,0
25151629,2
67949167,0
20031112,0
11153244,2
90556513,3
34695167,0
78536676,0
15860203,0
55544010,0
42881200,0
42695972,4
83914414,0
47119899,0
81752597,2
19383306,1
85861070,0
28097995,1
53744018,0
52774263,2
25866280,0
65291167,2
95069918,1
84784155,0
46904813,1
98919520,0
74890141,0
61488587,0
69521383,3
66668328,0
79933633,2
58970499,2
74526792,0
52271794,4
28397533,2
31326409,1
70178629,0
23319649,0
25963915,5
13126429,3
85941099,2
47919204,0
86350183,0
47120332,0
44111839,3
29434815,0
26208918,4
46735699,0
12621444,0
32427905,0
39080500,0
51886777,0
88993333,0
89353782,0
60063424,2
63548965,0
31695920,0
75264933,0
84986305,0
84084180,0
74453457,1
44646291,0
56646697,0
59766566,3
77230913,0
49776019,0
76132146,0
56058592,1
33900022,0
91771380,1
41064716,1
58335141,0
18257750,2
58377199,0
15133759,0
84988801,0
93804829,0
93868467,1
65110703,1
90350989,0
36007388,0
90400051,2
62154520,0
31410739,0
44456353,0
64557670,0
85300645,2
35423702,0
17627409,0
77051200,0
26914282,0
14702909,0
32527284,0
49027404,0
49579744,1
37438103,0
55245515,4
98599254,0
77765625,1
12275114,0
92159067,0
67959217,0
89423836,0
15438490,0
76486955,0
91090798,0
62499551,1
47839007,0
95605145,0
74269135,1
79399145,0
90433862,0
23157527,3
52443533,1
48017286,0
46481240,0
91445494,0
62128649,0
77688346,1
35463928,0
35311738,1
28094503,1
42566265,0
99670081,3
90775147,1
54407605,0
53026332,3
67812956,3
63602900,0
52637884,0
80534958,1
23507339,0
46504329,1
49133110,0
68695968,1
22730330,1
87165920,1
97199479,1
87801513,0
66647969,0
62537746,0
96601783,1
26957373,1
78218141,2
79314712,1
68450472,0
64354146,0
31226026,0
14635467,1
81482453,3
25371191,0
17896521,0
17589808,0
15986565,1
16297098,0
34410779,3
38554318,0
61578996,0
55020755,0
70341684,0
48802384,0
58554520,0
86987538,0
93640284,1
18040731,2
52126037,0
20628091,1
54303680,0
10185645,0
21687151,0
23395166,1
87234098,0
25185945,0
53113978,2
36691308,0
67907419,0
55025580,2
36077142,1
34945592,0
95304614,0
65329520,0
99486265,0
34936440,0
79746107,1
66491126,3
50875590,1
88519381,1
26945980,0
55294263,0
76433739,0
15640369,0
74669414,0
95241740,1
38197075,0
30498275,1
89324308,2
48515267,4
21185570,0
54279047,0
41453949,1
93686168,3
74605470,2
85947104,0
15692535,4
25424756,0
88344176,0
55074643,1
17630982,0
89398381,0
62380757,0
18157951,1
93871569,0
18459122,1
73740899,2
11793074,0
44018519,2
56894482,3
12666076,3
90662334,3
82446758,3
89193905,0
74800531,1
98783398,0
21516850,0
52731911,0
48535039,0
53525570,0
15850280,0
39224981,3
54320735,3
46430102,1
39682400,1
24003265,1
91571803,0
17884205,1
44137768,0
65523340,0
74751223,0
29293034,1
54264934,0
23414193,2
51196610,1
73393387,1
36940291,0
85422589,3
29587226,0
49371236,1
98660099,0
41115082,0
90312724,0
35912632,0
91804461,0
28932216,0
57999260,3
41002958,0
20374995,0
10655400,4
46995066,0
48491056,2
20645882,5
71130326,2
82692567,0
12946317,0
26686915,3
90302870,0
89979508,0
10983270,0
17314483,0
55856152,0
17942010,0
88152253,0
27114095,1
46249731,0
96239328,0
62621857,1
60065612,0
65621793,2
37619910,0
32430635,0
29410124,0
96465735,0
20067571,0
88195418,0
41552483,0
66054126,0
68245163,0
13192787,1
10335290,0
93545255,1
95941650,0
75379444,0
22702427,3
20218223,1
61773709,0
39562800,1
61623298,1
81098611,1
94901451,0
48674114,4
60253433,0
25773589,0
85448272,1
65415965,4
91596641,1
17760374,3
49382237,0
22065573,0
83441203,0
28491564,1
52799801,1
15199390,1
20641457,1
47878666,0
35290142,0
34373323,1
35179001,0
95968108,2
76544305,0
70159838,2
89809495,1
10219390,0
32120340,0
94449360,2
83625536,0
52215164,2
89523676,1
58527199,1
99680005,0
25391362,1
67908761,0
84403531,0
19066281,0
16819904,2
96300771,0
50564904,0
10521208,1
75460855,1
42411105,0
47206324,0
61800262,4
27793235,2
93865355,0
45089435,0
53900537,0
53513451,1
31774540,0
39213593,0
65956377,0
85494605,0
99495478,0
53476935,1
65860531,1
33656423,0
18818847,1
18482336,0
85913211,0
37710325,3
53926830,0
95309803,0
79044243,0
30354453,1
77960826,0
15296997,1
59287421,0
18540031,0
67667192,1
28271875,0
69241797,0
54521283,0
88556477,0
19711495,0
16044176,2
81154099,0
10166829,0
43604293,1
57979398,0
82660364,1
43497220,0
74399318,4
84032286,2
97382474,0
92029166,1
33874857,0
90446542,0
69595332,1
99569353,1
65931853,0
60893943,2
11797668,2
25426648,0
69809294,0
59420862,0
48951377,1
58755459,0
13010520,0
16506754,0
16511960,3
86174010,0
37241771,2
65849537,1
75960548,0
30915909,0
10522518,1
20804860,0
85217990,0
27270565,1
55698684,0
45068916,0
14089657,0
78741949,3
88298530,0
63243746,2
47417929,0
96218608,0
70962109,0
53619746,0
86589441,1
57924051,1
88950218,0
83239506,0
43542072,0
62030516,0
22192536,2
72281696,1
54161363,0
41472145,3
42825552,0
87888949,0
96107711,0
75267742,0
20190143,0
89044665,0
19258329,1
53272279,0
42437868,0
77367260,1
25791059,0
34233079,1
58863830,1
70086391,0
77872202,0
77569320,0
26255104,0
57894059,1
74185969,3
20299489,2
38630203,1
24948691,0
94859712,0
62301323,0
58363786,1
65259591,0
85310496,2
49811443,3
78066260,2
81290937,0
38950124,1
26317294,0
44276019,0
25901916,1
60160003,0
42659739,0
19450097,1
71377000,0
92911249,0
81034538,1
63886453,1
45295365,0
38395452,3
87052489,0
53178210,0
85615009,1
87912365,0
93298918,0
12533598,0
44415584,1
99583541,2
55742287,1
47104514,1
47012050,1
47277820,0
20272457,0
40214259,1
69905370,0
29351391,0
73864510,0
29003506,0
99189060,0
76601263,0
49411017,0
80489492,0
16631217,3
55424347,0
55248712,0
98810670,0
12005739,0
89129857,0
49369512,4
53835137,0
36969026,2
25705936,0
89743892,0
75137380,1
54316487,0
66676555,0
24231413,0
89261077,0
96930277,0
67516160,3
68432293,1
61270789,2
41940405,0
33627807,0
66878778,0
99789578,0
30876682,0
36927444,0
81124958,1
53480072,2
14917355,0
65414503,0
41295795,0
95880845,2
46690258,0
86527388,1
37330115,0
94800587,0
90471964,0
44328738,2
32049287,2
87228261,1
78585292,3
27527636,1
74141964,0
29690896,0
54262295,1
55877862,0
62993267,4
29658920,0
75289465,1
36277216,0
22717357,0
47706961,1
68805670,0
67196584,2
17638575,0
41662339,2
57454985,1
11143585,0
16099560,0
94575458,0
34736162,1
25581076,0
68858529,0
41241074,1
23461507,1
81511303,0
19657356,0
58360090,0
58777061,0
39322697,0
49169818,0
31971864,3
80545931,2
18561026,0
43204548,4
59323067,0
39320470,1
59644098,0
67848449,1
40542362,0
91348274,0
82891340,0
31372863,0
55388922,0
68575510,0
42985658,0
88894332,0
25673079,2
68822838,0
74107013,1
30087496,0
84993335,0
20710976,2
72793022,0
60497914,0
73144483,0
54975187,1
86727041,1
39059970,1
11278523,0
57427048,0
82156977,4
88787728,1
26628519,0
67937750,0
92123659,0
92985985,1
32671200,0
54340062,0
87722393,0
29918124,0
48957065,0
12328340,0
94510111,1
18228432,0
83879756,1
92072189,1
47507367,0
59466453,0
88658670,4
81778611,1
63162287,1
57492889,0
40108466,0
49864422,1
19670787,0
18361941,0
99324887,3
37099288,4
61154183,4
63495654,1
64760913,0
20344913,0
43642461,0
43397598,1
79538681,1
19685972,0
74029601,0
93635473,0
86717272,0
57266242,0
44456641,1
34787551,0
56190843,1
84602725,0
25332060,1
32255564,4
54456555,0
15298801,0
81805105,1
99891872,0
81773497,0
91494103,2
15030180,4
61321953,0
12065260,0
95574334,1
44391457,1
18878097,1
28419692,0
61626060,4
42481460,0
91728310,0
52236340,0
27025027,0
89474864,1
75302404,0
78063600,1
15170172,0
71301485,1
87103799,0
73109865,1
84379719,0
20654997,0
22238296,0
50303329,0
37805441,0
20848105,1
82276210,0
70959194,0
95094630,0
65562550,3
13452361,0
45128041,0
34149531,0
38700936,0
40683644,0
26875513,4
87238108,2
44813526,0
30001119,1
81386798,1
10354463,0
28551903,0
77579429,0
77520057,0
51508288,0
39461032,0
24471050,0
56409495,2
68019462,1
83831915,3
30077630,1
97443842,2
76930231,1
28470274,1
70674037,0
59427671,1
19845875,3
18841347,2
54896451,3
40953389,0
76704100,0
25014227,0
99839100,0
92042806,0
72047125,1
90411361,3
97701768,0
87005326,1
45234733,0
94298198,0
39668053,0
69169725,1
69403302,0
75616998,0
13498843,0
70413672,1
65650061,0
34245165,1
87586457,0
48450570,1
18826202,1
47302788,0
82522510,0
37942390,0
37094820,3
20580428,2
21306638,0
47071044,0
77141119,0
74771969,0
85324228,1
87484569,0
49183564,1
67739516,1
22823125,0
94963952,0
33068469,0
75511733,0
73476748,0
63373503,0
66845390,0
32765332,0
36029332,1
76822945,0
37187347,5
21331057,4
61877731,1
16131015,4
88804503,0
46128910,5
12885544,1
46024291,0
77762688,0
39178493,0
30025126,1
49756142,1
69343127,1
33647816,0
99659728,1
78644777,3
69266247,1
32492574,0
62112943,0
57763502,0
75761950,1
28471544,0
24162917,0
17877220,1
59251454,2
69783258,2
30639839,0
54142719,1
33956935,0
84451762,1
73480284,0
76267832,0
62697548,0
39007624,1
39972382,0
45190012,1
59886636,3
33857195,1
73256158,0
37197667,0
64908890,0
90998210,0
67641857,0
83980567,1
20699754,0
74167760,4
13174081,0
24381926,0
21183248,1
76621268,0
17969569,3
70661073,0
38413110,1
29408973,1
32001691,0
72431402,0
42365726,0
62108117,2
30194438,0
19143921,0
55743610,1
66052475,1
58858240,1
36349481,0
65695926,1
33305436,0
92753876,3
40520502,2
10728301,0
61964923,0
38021031,0
97988453,0
94769401,0
72851583,0
47445565,0
76880773,0
63055522,0
78323142,0
82624740,4
76923130,1
22172638,0
41283087,1
50141761,0
33017643,0
82971671,0
41114424,2
74671723,1
93154153,0
92349548,0
39567818,0
89400298,0
85805600,2
10328660,1
84266973,4
70567809,1
25988389,1
12033360,0
52981371,1
21717505,0
63290200,0
57229799,0
64490586,4
66469504,0
33048465,0
82185853,0
57605973,1
27685260,0
20672373,1
56810721,0
70634053,1
73655942,0
37576754,0
94738817,0
35400194,1
37215703,0
97113612,0
99528539,1
19336603,0
22373294,0
67093492,0
60896093,1
62428495,3
80467426,0
22062293,0
15696657,0
49173108,0
74903254,1
45957309,0
30816069,0
58248354,0
30458603,5
79696311,1
73610391,4
21252822,1
41247471,0
76757550,3
48471342,1
89405855,1
45310236,1
13779823,1
58644306,0
43184186,0
88082310,0
73418108,0
64650208,0
51087727,0
74904547,0
75043937,0
93574585,2
49927941,0
30843357,0
93016923,0
40637715,2
67580216,4
89665215,0
81868003,0
95841291,4
75665287,0
59191491,0
23947691,1
42070671,1
65428290,0
98644378,0
70334085,0
45068713,0
98384639,1
33642551,1
66230847,0
75847270,0
88312333,1
65436257,0
67090830,0
91421467,0
42794113,0
65004987,0
97733417,0
17394013,0
49144459,1
29029805,0
79033651,0
41960545,0
68176853,0
61032577,3
70180265,0
26961890,0
60487928,0
42688183,0
38396821,0
20413337,1
19005086,0
74324305,1
14043563,0
48719924,0
66641175,0
91765528,0
37310686,1
42626605,1
83083493,0
24169272,0
49712175,0
12652720,0
63584508,0
87246882,0
31978797,0
27848109,0
29971102,2
85877126,0
65266098,0
59821650,0
17080407,0
31160324,0
64744522,1
37377864,0
94520020,1
39834776,0
20666919,0
74068511,0
66875628,0
61150955,0
79940945,1
51107088,0
63338288,0
54952582,3
88801447,0
69978070,1
60639838,0
50416890,0
64744459,0
18381576,0
73474114,0
61990355,0
24497426,0
45778122,3
50360799,0
54566141,0
10018550,0
22631912,1
22628230,1
68112916,1
76896340,2
54823946,1
85382399,1
40309009,0
48217236,1
13610767,0
85126756,0
52127777,3
79510337,0
38590861,0
41713218,1
57187137,3
63041050,0
59603478,0
95508155,0
20698720,0
74709759,0
50284370,3
97450199,0
93238878,0
21985079,2
95363999,3
77199579,3
40019002,0
29967855,0
89928609,1
32964283,1
54569709,0
78530983,0
43410267,0
68492946,0
64755862,0
49311806,2
39306793,0
77355093,4
27408306,0
48648216,1
48502735,0
62542384,0
94106930,1
56291374,0
33417963,3
22970017,0
56465563,1
18741075,0
47331285,4
26849852,0
18413085,1
81709970,1
74742545,1
99468687,0
75625569,2
50282275,0
50931475,0
92037865,0
55402365,0
51729606,1
85502798,1
26468302,4
74694058,1
40974627,0
18313140,1
95932161,0
98697446,0
56193015,0
10451652,0
73852733,2
88712995,0
97015361,1
82501162,0
82301336,1
55382988,1
76337678,1
25197392,0
11322600,0
12379935,0
52090197,0
42730505,2
55691098,0
64766210,0
58210652,1
78767198,1
75364800,1
44195139,0
66157841,0
34029930,0
42568986,0
36662166,3
38558933,0
13585299,1
82791630,0
44199340,0
39399394,4
32570917,3
14217507,0
83398197,1
89859078,1
32322757,0
97776811,0
66059828,0
43197911,0
72787146,0
28661337,0
81844743,0
83235686,1
97631697,0
64294359,0
59642169,3
17450686,1
27409121,0
36351225,4
98580560,0
78265851,1
73910000,1
76932918,2
43047924,1
80081065,4
97384120,0
12037087,0
36288644,0
60559593,0
24017086,0
94125423,0
71609677,2
62842079,1
82129831,4
34070770,0
78628956,0
45624615,0
36676221,0
20978151,3
69744067,0
85911164,0
56508014,0
53042883,1
55634602,0
37847086,0
27346581,0
33851976,1
81104363,0
61248844,0
29287364,0
34919490,0
46253639,3
48335031,0
92337490,3
41184379,2
89556978,0
63543527,0
34041914,1
78841003,1
94687335,0
51264397,0
56594720,0
24997375,1
39072973,1
93556664,2
69829533,5
68927712,0
26547196,0
70852170,0
68997845,0
15734702,0
80214641,1
45337137,0
87286794,2
75411719,1
76866389,0
74217120,1
13851456,0
77659606,0
53559129,0
75210757,0
42441292,0
76342795,1
85537019,0
90287237,3
27060545,1
60602887,1
97903325,0
37160360,0
51907692,0
68167655,0
26819321,1
94171903,0
34265456,1
80692425,0
27259222,0
29188868,0
57192757,0
21382256,0
87456031,0
91096264,0
33072006,1
51072830,3
90444214,0
69937204,3
97789082,1
61431572,0
37435972,3
94912262,0
90437649,0
43794749,1
57801376,0
77634912,0
36839629,0
93307931,0
50140731,4
99805507,0
75858797,0
46424275,0
18143254,0
50830949,1
94449063,0
96925357,0
71155329,1
82990166,0
45248652,5
82834646,0
93883176,0
52394917,3
54342704,0
93325847,1
92985098,0
74626826,0
56061903,0
86916566,0
73880588,0
65290384,0
58305188,0
80998880,0
62986160,0
85822915,1
98595445,0
70297805,0
16360416,0
30224936,0
59802611,0
80739007,0
97524753,0
86733411,0
65388312,0
42976654,1
82709716,2
59960135,0
56358487,2
69599431,1
28609461,0
72198273,3
30335527,0
97343987,0
52779109,0
74641890,2
66690518,0
50832053,0
47101370,0
42826801,0
48018225,0
30835042,0
94166867,0
47054743,0
79939746,0
46452103,0
28191269,1
80393575,0
38688801,0
78902975,1
74427197,4
69841544,1
50893841,0
33522357,1
62349212,0
62730869,0
68429437,0
95706293,0
71829352,0
89532002,2
12923900,0
32641689,0
13734546,1
86850064,1
93232573,0
70518730,0
84423758,1
10615726,1
27238365,0
40139848,0
93570336,0
46314347,0
16203641,1
73122238,1
47833904,0
23455318,1
64509893,1
16873635,2
24671283,3
55116608,0
17175247,1
53344102,0
89418692,0
78118519,1
61546315,0
27120316,0
61981855,1
27249614,2
88876784,0
48068559,1
91307796,1
65693722,2
43554666,0
87174043,2
80854786,0
65284658,0
48718875,0
29169257,0
14235774,1
19106508,0
98469570,0
52318684,1
76523755,0
72425708,1
99976194,1
66784484,0
34755880,4
47706129,0
89689528,0
95977735,0
76681833,3
71984778,0
66368933,3
90198302,0
40935836,0
87979644,0
63550356,0
77679461,5
83511734,2
28836679,0
16999677,3
65751408,4
40851442,0
25773568,0
53960604,0
39995400,3
54718163,1
72170777,1
86725790,3
52391552,0
17159520,0
71007006,4
99800111,0
78191779,1
68455972,2
46753263,1
51997762,3
51782071,0
40077929,3
39905811,0
57318528,2
94917431,0
65068807,0
66957942,0
70337969,1
28482468,0
41746281,0
31952411,0
48882141,1
23187868,0
81701401,1
21572838,4
57677592,1
51244051,1
24853347,1
69321680,0
12215226,2
12480978,3
22978548,0
69230620,0
47409747,2
31442447,1
70479843,0
36266571,0
43843658,2
58075387,0
62243491,1
50943106,0
41472552,0
28181397,0
59120773,0
51933813,0
80224721,0
84418067,0
50726555,1
47637881,0
76923744,0
34991408,1
85724652,1
42240315,0
24363913,2
41719906,0
23546972,0
15113478,0
40974666,0
78268595,0
31663214,0
80253630,0
42921707,1
18905690,1
68477438,3
89413830,0
81564743,0
26659295,0
86830316,2
58273574,0
30876803,0
16985463,1
98911543,0
84548320,0
42954378,0
17114597,1
76621907,0
93992071,0
23662622,0
95074517,3
86087569,0
97575096,3
50812881,1
50886748,2
97529086,0
28498735,0
87564972,0
43454532,1
82561802,0
90556362,2
47063902,0
85338619,1
84152164,0
97363467,0
46409528,0
82415478,0
64933533,3
53641434,0
32865101,0
46915716,1
32533656,0
10001775,5
14596670,0
30358729,2
47673766,0
72120710,0
97286482,0
89784062,1
26789602,2
33829242,0
47115623,0
16251095,0
14507364,0
27200022,2
19361682,1
47587390,0
59922876,1
66359864,0
75510671,1
16367292,1
98947832,1
19623598,0
95251741,2
44061066,0
59722859,3
93735739,0
42409423,1
23855124,1
79599027,0
36759283,1
61744271,1
91864407,2
44197959,2
66195982,0
72196665,0
35389748,0
44895700,0
57520010,0
89358940,0
92702458,0
33251089,0
64589661,2
62467524,0
23691487,0
97700760,4
22921511,1
88143441,0
31911269,0
28951351,0
79168138,0
29739605,0
73158330,0
65798366,1
23650968,1
30992072,0
88482959,4
63029644,0
60413598,0
63096196,0
70815173,4
19256041,3
73269380,0
62926945,0
16620849,0
57409614,0
22020700,0
71063054,0
32554853,0
67360898,3
67515660,0
66735375,0
22368539,0
54326277,0
22263116,0
58946709,1
29759395,1
66030871,3
98688297,1
53395847,1
62049016,0
69424453,0
25601839,0
58258849,0
37100611,0
12468500,0
31376062,0
90677228,0
20941924,0
15830420,0
30535961,0
88569656,0
98140028,3
68175585,0
58892622,0
77896076,0
17153825,4
98182884,0
52528481,0
73318626,4
99021031,0
16299847,3
62333369,0
27305819,0
79403655,0
49880634,0
60378516,0
12396393,1
93530553,0
70023508,0
66587047,1
10324146,0
53584822,0
61640733,0
49302054,0
76653705,0
83159212,0
12499330,1
25756146,0
55586821,0
78558872,0
18015368,0
41985547,2
87134028,3
73879762,0
36585366,0
29433813,2
75387903,0
67570532,0
51872831,1
20816113,0
87065682,1
45876462,3
39432275,1
85098886,0
88029617,0
34418465,0
87964668,2
19024594,2
83081055,0
44048914,0
75812917,1
39713152,0
22039487,2
85555749,0
45844380,4
55770958,0
25552525,0
36018722,0
79651061,0
50110421,0
64738546,0
97655876,0
96332640,1
84329468,0
91450246,0
23422370,0
75939500,1
83900187,0
90802725,0
99105784,1
25087818,2
87109908,0
55867201,2
41786470,0
66569533,0
29407185,0
21388069,0
21303325,0
94522261,0
77822818,0
10526106,2
17322157,0
86386782,0
87940462,1
42914690,2
67097388,0
99942768,1
78070780,1
34786754,2
30947601,0
57316981,0
86096714,0
18318120,4
90069760,1
47292045,0
48200367,1
93993042,0
36089553,0
94981071,0
85399786,0
74059415,1
25957090,0
25224369,1
49697075,0
81090428,0
50034092,2
81051870,0
60754253,1
15552933,1
77535707,0
41755901,0
25591406,2
91911217,0
24786389,0
51719604,0
35916305,1
45170106,0
54590949,0
86438260,0
89641453,1
40356025,0
52291089,2
53126271,0
70118557,0
50369286,3
26718734,0
73292415,1
75005982,0
98403351,0
95038876,0
19045504,0
80226013,0
21095605,0
25466312,0
26352888,0
35606001,0
49449079,0
14764160,0
58167353,0
38029963,1
89838959,5
29021497,1
81347298,0
54336893,0
23611178,0
23389102,0
70402983,5
90074508,1
32289886,0
54314218,0
52078042,0
59674799,4
42008911,0
49047405,0
53517407,3
21514257,2
28013661,3
32732140,0
61416512,0
59048670,1
21148944,0
78265608,0
11169988,0
57444513,0
33731243,0
79500323,0
35104201,0
85641357,4
91153423,1
25038388,0
31262267,0
23730924,0
25454350,0
74399172,2
58814546,0
22526697,0
27608578,1
24721817,0
60644762,1
52692931,1
85126973,0
69829911,0
29830605,1
12619753,0
32591779,1
41539210,0
33577880,0
73392040,0
54122965,0
88450920,0
51642616,0
25874273,0
34734465,0
96119307,1
47451465,0
24266317,0
56349910,2
36798328,0
33313898,0
89213704,0
97248806,0
90353622,2
32320295,0
55576154,0
94336923,0
79186589,0
85532271,2
86631646,0
23473228,0
65726636,0
24005031,2
93408918,0
92415414,0
69193361,4
25610999,0
57040032,0
57621651,1
36764580,0
14063720,0
96959547,0
13352642,0
70369724,0
77171118,0
63299045,2
57140924,1
13653175,1
90317295,0
69192165,0
57358976,1
81131619,0
53788632,0
47484474,0
95775137,0
98686571,3
26172270,3
67095661,0
10388730,0
95049559,3
74901424,2
66253947,1
65754510,2
90223117,0
39767747,0
64996819,0
53421614,0
37031807,0
79738507,1
72442565,2
54182638,0
29744160,0
97532452,1
24224221,5
21239898,0
78079368,0
99850905,2
51936429,1
21710876,0
47484289,0
16421388,0
38192563,0
31058461,1
34158459,1
83524584,4
88737154,0
10712099,1
33896254,1
22215115,3
49163620,0
65565502,0
22539995,2
79545851,0
17844749,0
84702123,0
28386453,1
73934029,0
30675398,0
70967741,2
97051743,1
71490379,0
22298934,0
42506809,0
62183146,0
42608621,0
46978848,0
65778594,0
98783536,0
51014709,1
56928322,0
72962354,0
97438316,0
61898044,0
24717978,3
76326933,0
48948866,0
94756520,0
65392705,0
38073377,4
35608533,3
30442080,0
81618340,3
43840508,1
43520938,0
71626822,0
33895045,1
84414052,4
87910682,0
36585588,0
62771520,3
77552782,3
43475400,0
68313024,0
47526417,0
29937754,0
96831862,3
30752176,1
90310672,1
90109822,1
80919019,2
85590923,0
84581254,0
11346736,3
84853203,0
62517834,0
51703108,0
11589802,0
48301615,1
32549289,3
68809919,2
53846133,0
80590845,0
51402341,1
87832307,0
33698498,0
12191704,1
75232008,1
92707622,0
12085327,3
98236912,0
75623051,2
19711991,3
19738508,1
61359278,0
21042396,0
91513993,0
75175971,3
44610754,3
22666900,2
84305518,0
17406925,2
71513833,0
91445980,1
44238998,0
36846785,0
46822219,0
47811453,3
13014461,0
13463970,0
24956117,0
40180742,3
65708216,0
86430638,0
17340301,1
83123182,0
63520941,1
26280187,0
81129332,0
78635407,0
47095976,2
30589684,1
50195798,0
87858641,2
25476133,0
55183258,0
13057537,1
23112037,0
55436364,0
58981402,1
16105258,4
11601039,0
78358479,0
55048957,3
78079690,0
27933666,0
53391542,0
83432664,0
35479120,0
61233738,3
64345395,1
44732889,1
64509346,0
22616407,1
15860373,1
65480287,0
39444238,0
41477311,0
69136238,4
32764136,0
87342734,0
77940759,1
70449248,1
77914055,0
19019207,1
62389310,4
80950810,1
22875882,0
65758225,3
29242502,1
60408305,1
70624945,2
10968536,4
76384034,0
56497777,0
14822978,0
61887236,0
41952573,0
33680807,0
42149774,1
41107403,1
41424655,1
58511203,0
60703026,0
81358018,0
39709373,1
38343230,0
86707232,0
75958309,0
62474602,0
35523882,0
14547560,0
99989377,0
43586199,0
15114867,0
38582728,0
71817473,0
23694860,0
49008395,2
72793558,1
93181645,1
98096743,0
96885553,0
46480229,1
10519032,0
30222187,2
67729304,0
64286655,1
68381751,0
30421583,0
94527835,0
67230738,0
77356648,1
62290467,0
33589584,1
67425580,0
98946271,0
68972903,0
12874029,1
23233943,0
90519373,0
55926570,0
17354479,0
30121687,0
32032690,0
36263376,0
76837977,0
93924484,5
39024233,0
29609135,0
97505480,0
94367997,0
21620849,0
78542183,4
16084226,0
66057034,0
61186230,2
92138788,0
19369468,0
50728946,0
20827694,0
34911507,2
27994887,3
61538167,0
43599483,0
56168213,3
68312363,1
30120463,0
29288265,3
66143985,0
19349704,0
29765005,2
15446867,0
45946836,0
26728257,1
77977196,0
79662896,2
15223062,0
53790889,0
63754975,2
11925818,4
72275679,0
54806450,1
38382072,1
42212095,0
62820700,0
28001346,1
15721054,0
55419878,1
50590507,4
57380392,0
57429402,1
25504436,0
55771801,1
35815583,0
84189356,3
31155256,0
94830812,1
72884642,0
30488416,0
78477224,0
35034415,0
20582275,3
21610456,0
98496134,0
24873069,0
57088399,0
18422335,0
41789299,0
26316363,0
58807302,0
30915739,0
78227900,0
14424738,0
14697286,0
27927471,0
71374418,1
82091731,0
64020646,1
96213260,0
26985891,0
96698392,0
54245596,0
22235866,0
74505614,0
73373547,0
29694329,0
62535892,0
34285677,0
45062221,2
46999872,0
54072762,0
71165400,0
93964267,5
22315473,1
82646977,1
13209637,0
73936596,0
26691207,1
57607810,0
66687362,1
51109190,1
73166953,1
96372767,0
88719898,0
11451727,2
29483712,0
20720482,1
31312006,0
74063174,0
67024903,0
96183036,0
41929835,0
55952579,0
38130155,2
70176034,0
15267073,0
53649050,0
61881800,0
22825318,0
71003759,0
19295772,0
63751372,0
55901553,0
91451391,0
30569265,0
44542100,2
78227295,0
89989850,0
76669882,0
26747020,0
20139026,0
56031662,0
36884099,0
19839438,4
18467309,5
98536395,5
58391618,2
41315625,0
92974712,1
37294903,0
16135351,1
32510571,1
47146829,0
73196290,2
81235261,1
73550878,1
73473176,0
53242373,0
30172477,0
28966775,0
54914832,0
43738772,3
18057101,0
41151758,0
71253603,0
26673772,0
53779648,0
72045365,0
61724556,4
97789868,0
98506473,0
94201056,2
44760174,0
43183472,1
55823250,1
61395752,0
85346893,1
38496018,3
74546999,2
82644004,0
32881199,0
25934352,0
72256200,0
84985122,0
86299842,2
53769903,0
97774216,4
44554110,2
56073372,0
30836909,1
38102624,0
35956646,2
66686573,3
32845795,2
61352245,1
64565995,1
73815814,4
74224763,0
14737215,0
37321077,3
29329139,0
70292417,0
28128947,3
32634147,0
72407028,0
40550814,0
71845037,0
69024051,1
48880603,0
33757967,0
74829365,0
83702887,2
85787190,3
60941375,0
81629278,0
51409898,0
77688976,0
67881187,1
13275679,4
78680547,1
25337570,2
35786471,0
16237510,3
67099752,3
86791938,2
39128515,0
36463220,0
82644652,2
85318464,0
33467235,0
28548396,3
77613458,0
53604004,2
87216611,0
82488417,0
70536353,1
99650314,1
65116422,1
62584718,2
36111450,0
64567922,0
31808321,2
26972585,0
90580682,0
18554517,0
95746805,1
11397207,0
97320885,0
23367851,2
58463393,0
61226867,2
99335259,0
97532743,0
18051367,1
92694634,1
71391247,1
86944461,0
55769110,0
55049890,0
20442751,0
94470166,1
43194203,0
10127900,2
32393647,0
86720020,0
40739479,0
74685491,0
20470818,0
60070634,0
31843602,2
49378628,3
58264001,0
96104800,0
35931647,3
46692417,1
52819407,1
77940541,0
34564563,0
48583246,0
30229848,0
48516456,2
60571839,0
71497454,0
50775539,1
28781655,2
60517938,0
27289356,1
10197547,0
31722480,2
70977040,0
85759401,0
54180478,0
48359887,0
21033564,0
98608496,0
85991776,0
65452185,0
98974787,0
16106762,3
98757401,1
32992323,1
60256200,1
38651380,0
54518263,0
75961667,2
30611971,3
38413109,0
64353511,0
91581435,1
24849950,1
26514711,1
58991667,0
46003742,3
13833948,0
73556400,2
78794412,0
52634754,4
12603124,0
15919028,4
84242924,1
52869991,0
12321852,2
86940788,1
51068077,1
91560810,0
54284088,0
51438959,0
77586210,0
39305301,0
99192637,1
39070259,0
88955140,0
10329343,4
61873147,0
14095902,0
98393512,1
17831450,0
46366681,0
13372140,0
32975923,1
88675465,1
31554737,1
65409858,0
93138029,0
19754914,1
38093294,0
64385849,0
34361477,0
42254391,0
67811316,3
23214683,0
91956901,0
21754645,1
10347929,1
82753475,0
91028886,0
47840834,1
57888376,0
90633502,1
61412451,1
55171381,0
62635576,1
87519510,0
50116088,1
97901156,2
57005701,1
98164948,0
98317608,0
52544135,0
37995015,0
30635998,0
46734854,0
12157924,0
26875849,1
80101259,0
33274474,0
28559354,0
23446376,0
54797781,0
46713688,3
11907788,0
82265314,0
18007210,0
98030856,0
24184521,0
11244911,0
21611635,1
72042273,1
42863109,1
50386166,0
58031035,0
63731958,0
69990430,2
92048893,0
99827823,0
92057768,0
63172970,0
79061818,3
46645346,0
22517006,0
40787791,0
61323149,3
90221019,2
45805978,1
98352396,0
84331172,0
97027694,0
14789862,0
82357015,0
76683771,0
60437117,2
91966603,1
10495249,0
50588069,0
62401970,0
15342016,3
62579614,0
74649882,0
41591353,1
62522393,0
30774301,4
39618045,1
82809415,0
22520740,0
83320464,0
90738937,1
24391662,0
87971885,1
64356554,0
65952243,3
74948274,0
46051025,0
42011607,1
90458527,0
56590478,0
93639379,1
87553076,2
52840041,0
25866783,0
63994821,1
80909619,1
93413814,0
67790779,0
44315989,3
84822015,3
43101082,0
63286744,0
61961787,0
83329314,0
97936930,1
57596810,0
29785709,1
85830328,1
88367473,1
63752845,0
83946915,0
21566832,0
58416936,1
34900964,0
20322547,2
57374428,0
16322637,0
56901426,1
30738248,0
32059685,0
54954996,3
58929733,0
23122060,0
75792285,0
63034661,0
51602235,0
44418531,1
78484724,0
30274991,3
46884236,2
68295943,0
87503883,0
21767990,2
60520843,1
14238703,3
60210367,0
77218421,0
48218539,0
99831838,1
63373504,1
36703416,0
37418078,0
10831004,1
26470935,2
40033590,1
91600709,0
12964137,0
24382187,2
51064092,2
10490957,1
35139338,0
62846068,2
86547348,3
67816796,0
93025997,0
63356609,2
60884719,0
31772243,1
15057189,0
94129270,0
41177885,0
61414221,0
62292888,0
85772693,1
12562168,2
48075600,0
32576886,0
95325439,0
43949856,2
16921569,0
64047778,1
59948681,0
75134174,0
62501223,0
62957444,1
86904774,0
72712868,4
13759635,0
61455997,0
24781406,0
23197705,1
44490081,3
86630008,0
74659980,0
23298925,0
78515000,0
32579682,0
24997790,2
47025817,0
85654720,1
14487526,0
35114386,0
97188846,0
66476325,2
58072837,0
52435332,0
53209296,0
33726538,0
96555548,1
65566710,0
39212952,0
56943961,0
70320173,0
71904742,0
99097957,0
41616973,1
55433639,0
49919782,0
97803393,1
90803338,0
74500863,0
41253244,0
53805469,1
88794231,1
99276509,0
97085027,0
92880690,0
83743640,0
44739166,0
95752845,0
34634350,0
90146947,0
27206738,0
39377196,1
55083530,0
84977236,0
81977043,0
62722325,0
12966051,0
92913310,3
11618193,0
57240350,0
63539351,0
20413105,0
38927196,1
87368136,3
20846644,1
23928792,1
84189321,2
99070192,0
63020067,1
65484661,0
89949690,2
60837272,1
93051741,1
60809991,1
91675331,0
15054204,2
38509666,0
20794510,1
96599736,0
44544298,0
36079297,0
67068709,0
67759263,1
65192334,3
94757383,0
66009930,1
31722342,0
41800294,0
78593812,0
11745411,0
48175430,0
16509400,3
79764378,0
98337337,0
24973563,2
20475807,0
17796992,1
87757262,0
69492449,0
24255322,1
60368375,0
11916445,3
37869592,1
19593775,0
32670096,0
25902560,0
63661541,1
12036736,0
90051765,0
67669268,1
41671084,1
97658583,0
30276854,0
53271724,0
15455023,0
98635678,1
17582698,2
76607765,0
43465720,2
11885046,0
73022030,0
98095808,1
74879259,1
52785831,0
80128344,1
36728988,0
15253227,4
30891332,0
46140038,2
74852475,0
77137391,2
22642314,0
80015248,0
11655412,0
95794827,1
36716783,3
16745077,0
92086439,1
22645078,1
36310300,0
86772853,1
62877328,4
20309962,0
93582110,0
85771169,0
75911070,0
45910694,0
47071786,0
16987552,2
21865490,0
58998039,1
65357644,2
30039223,1
86717581,0
99294410,1
26222266,0
48821067,0
11667199,0
15750957,3
75628509,1
59927739,0
58675482,0
92280364,0
58199507,0
63110376,0
60615809,0
95844451,0
24595306,0
17065259,0
52527090,1
92257314,0
42032409,0
47831761,0
69036842,0
49300181,0
38180171,3
43231887,0
83204103,1
32409012,0
68977640,3
38643564,1
71463694,4
28598253,0
25822374,0
82537757,0
11686692,2
11490811,5
46223687,0
21013809,2
76594299,0
27436803,0
99380977,0
23788088,1
19033761,0
75215741,0
84386354,0
67231854,0
29800594,1
30299166,1
30915956,0
50392051,0
65044208,1
76807149,1
80797124,1
48798307,0
47852568,3
76824072,3
16509929,0
56097104,0
81388808,0
13575942,0
90071218,1
11550397,0
43983038,0
84560107,3
34340641,0
24513225,0
75389860,1
89241546,0
26426994,5
66971204,4
51653401,0
96387327,0
21047011,0
78609455,3
76784313,3
60229653,1
73172412,0
91528742,1
78397098,0
56286010,0
95473383,0
38115874,0
81813098,0
43662312,1
70592638,0
81056317,0
63906278,1
12534022,0
48923981,1
24039210,0
81778247,1
86189594,0
22619720,0
45493418,0
68685542,0
20044002,0
74737933,2
70288839,0
43988630,1
38852191,0
51158782,0
26771889,1
15819946,3
88179802,0
12276365,0
25799708,1
59312489,1
53774824,0
55160993,0
54204807,1
75084275,1
33494432,0
12235722,1
55136769,1
46494216,0
97652315,1
56188062,0
74862756,0
65397717,0
61415745,0
51288128,3
84434140,0
79270857,2
72394467,0
93641741,3
50539404,1
32866936,2
61371265,0
38082939,3
95154103,0
71546105,0
63084864,3
29863678,1
30164391,4
26677287,0
31460181,1
62119747,0
33157797,1
25283675,0
98815788,0
36343937,2
34926532,0
83380972,1
48812463,0
80319018,0
68473523,0
35489621,0
25245154,0
23983733,0
67984203,0
10266217,2
19039029,0
29423425,0
32539669,1
12223129,0
86623928,1
25124118,1
40215755,0
34272523,1
64167819,1
26997361,0
55489248,1
61738560,0
34357842,0
10569785,0
67407272,1
46374489,0
37532155,0
29646005,0
81155026,0
60637873,1
96389126,4
48928907,0
25170236,0
93235327,1
23681004,1
14814961,0
29236988,0
10047736,0
71224300,1
38909979,0
48871336,0
37880761,0
73261520,3
54612807,0
40035321,2
59934164,0
34417990,4
46734041,0
76378103,0
73948920,0
79355343,0
86544947,0
56449982,3
12255091,4
42729854,0
91064682,0
37069809,0
11615689,0
